Workbook

Sheet Calcutta
A1: 2025 Twin Creeks Member Guest Player Auction
G3: Shootout Bonus Pool | J3: ='Payout Calc'!P7 -> 4015 | M3: Member | N3: Owner
I4: 1st | J4: ='Payout Calc'!P3 -> 2010 | M4: Brijalba, Rufus | N4: =VLOOKUP(M4,'Master Player List'!$C$2:$N$82,12,0) -> Brijalba, Rufus
I5: 2nd | J5: ='Payout Calc'!P4 -> 1205 | M5: Maples, Brent | N5: =VLOOKUP(M5,'Master Player List'!$C$2:$N$82,12,0) -> Maples, Brent
I6: 3rd | J6: ='Payout Calc'!P5 -> 800 | M6: Aghazadeh, Abdol | N6: =VLOOKUP(M6,'Master Player List'!$C$2:$N$82,12,0) -> Brymer, Cory
A9: Flight #1
A10: Team # | B10: Team HCP | C10: Member | D10: Guest | E10: Bid | F10: Member Owner
A11: 1 | B11: =IF('Master Player List'!$L3=1,'Master Player List'!$J3,"") -> +5.2 | C11: =IF('Master Player List'!L3=1,CONCATENATE('Master Player List'!C3," (",'Master Player List'!E3,")"),"") -> Brijalba, Rufus (+3.1) | D11: =IF('Master Player List'!L3=1,CONCATENATE('Master Player List'!F3," (",'Master Player List'!H3,")"),"") -> Peck, Colin (+2.1) | E11: 3200 | F11: Brijalba, Rufus | H11: Flight #1 Total | I11: =SUM(E11:E18) -> 20600 | M11: Day Money
A12: 2 | B12: =IF('Master Player List'!$L4=1,'Master Player List'!$J4,"") -> +0.7 | C12: =IF('Master Player List'!L4=1,CONCATENATE('Master Player List'!C4," (",'Master Player List'!E4,")"),"") -> Paschke, Michael (3.6) | D12: =IF('Master Player List'!L4=1,CONCATENATE('Master Player List'!F4," (",'Master Player List'!H4,")"),"") -> Montes, Daniel (+4.3) | E12: 4000 | F12: Edwards, Patric | H12: Flight Winners | O12: Thursday | Q12: Friday | S12: Saturday
A13: 3 | B13: =IF('Master Player List'!$L5=1,'Master Player List'!$J5,"") -> 0.1 | C13: =IF('Master Player List'!L5=1,CONCATENATE('Master Player List'!C5," (",'Master Player List'!E5,")"),"") -> Harwood, Michael (+0.5) | D13: =IF('Master Player List'!L5=1,CONCATENATE('Master Player List'!F5," (",'Master Player List'!H5,")"),"") -> Diaz, Gerry (0.6) | E13: 2200 | F13: Harwood, Michael | J13: Member | K13: Owner | O13: Member | P13: Owner | Q13: Member | R13: Owner | S13: Member | T13: Owner
A14: 4 | B14: =IF('Master Player List'!$L6=1,'Master Player List'!$J6,"") -> 1.8 | C14: =IF('Master Player List'!L6=1,CONCATENATE('Master Player List'!C6," (",'Master Player List'!E6,")"),"") -> Lambert, Jeff (0.5) | D14: =IF('Master Player List'!L6=1,CONCATENATE('Master Player List'!F6," (",'Master Player List'!H6,")"),"") -> White, Jason (1.3) | E14: 1900 | F14: Aghazadeh, Abdol | H14: ="1st (" & (TEXT('Payout Calc'!$K$4, "0%")) & ")" -> 1st (50%) | I14: ='Payout Calc'!D24 -> 6260 | J14: Lambert, Jeff | K14: =VLOOKUP(J14,'Master Player List'!$C$2:$N$82,12,0) -> Aghazadeh, Abdol | M14: ="1st (" & (TEXT('Payout Calc'!I4, "0%")) & ")" -> 1st (50%) | N14: ='Payout Calc'!D34 -> 1120 | O14: Brijalba, Rufus | P14: =VLOOKUP(O14,'Master Player List'!$C$2:$N$82,12,0) -> Brijalba, Rufus | Q14: Paschke, Michael | R14: =VLOOKUP(Q14,'Master Player List'!$C$2:$N$82,12,0) -> Edwards, Patric | S14: Paschke, Michael | T14: =VLOOKUP(S14,'Master Player List'!$C$2:$N$82,12,0) -> Edwards, Patric
A15: 5 | B15: =IF('Master Player List'!$L7=1,'Master Player List'!$J7,"") -> 2.9 | C15: =IF('Master Player List'!L7=1,CONCATENATE('Master Player List'!C7," (",'Master Player List'!E7,")"),"") -> Kim, Steven (2.8) | D15: =IF('Master Player List'!L7=1,CONCATENATE('Master Player List'!F7," (",'Master Player List'!H7,")"),"") -> Kerrigan, Mike (0.1) | E15: 1600 | F15: Godhania, Vikas | H15: ="2nd (" & (TEXT('Payout Calc'!$K$5, "0%")) & ")" -> 2nd (30%) | I15: ='Payout Calc'!D25 -> 3755 | J15: Harwood, Michael | K15: =VLOOKUP(J15,'Master Player List'!$C$2:$N$82,12,0) -> Harwood, Michael | M15: ="2nd (" & (TEXT('Payout Calc'!I5, "0%")) & ")" -> 2nd (30%) | N15: ='Payout Calc'!D35 -> 670 | O15: Kim, Steven | P15: =VLOOKUP(O15,'Master Player List'!$C$2:$N$82,12,0) -> Godhania, Vikas | Q15: Paschke, Michael | R15: =VLOOKUP(Q15,'Master Player List'!$C$2:$N$82,12,0) -> Edwards, Patric | S15: Kim, Steven | T15: =VLOOKUP(S15,'Master Player List'!$C$2:$N$82,12,0) -> Godhania, Vikas
A16: 6 | B16: =IF('Master Player List'!$L8=1,'Master Player List'!$J8,"") -> 3.8 | C16: =IF('Master Player List'!L8=1,CONCATENATE('Master Player List'!C8," (",'Master Player List'!E8,")"),"") -> Maples, Brent (+0.7) | D16: =IF('Master Player List'!L8=1,CONCATENATE('Master Player List'!F8," (",'Master Player List'!H8,")"),"") -> Buratto, Mark (4.5) | E16: 2500 | F16: Maples, Brent | H16: ="3rd (" & (TEXT('Payout Calc'!$K$6, "0%")) & ")" -> 3rd (20%) | I16: ='Payout Calc'!D26 -> 2505 | J16: Paschke, Michael | K16: =VLOOKUP(J16,'Master Player List'!$C$2:$N$82,12,0) -> Edwards, Patric | M16: ="3rd (" & (TEXT('Payout Calc'!I6, "0%")) & ")" -> 3rd (20%) | N16: ='Payout Calc'!D36 -> 445 | O16: Paschke, Michael | P16: =VLOOKUP(O16,'Master Player List'!$C$2:$N$82,12,0) -> Edwards, Patric | Q16: Paschke, Michael | R16: =VLOOKUP(Q16,'Master Player List'!$C$2:$N$82,12,0) -> Edwards, Patric | S16: Paschke, Michael | T16: =VLOOKUP(S16,'Master Player List'!$C$2:$N$82,12,0) -> Edwards, Patric
A17: 7 | B17: =IF('Master Player List'!$L9=1,'Master Player List'!$J9,"") -> 4.1 | C17: =IF('Master Player List'!L9=1,CONCATENATE('Master Player List'!C9," (",'Master Player List'!E9,")"),"") -> Darter, Bret (0.2) | D17: =IF('Master Player List'!L9=1,CONCATENATE('Master Player List'!F9," (",'Master Player List'!H9,")"),"") -> Caldwell, Trey (3.9) | E17: 2200 | F17: Darter, Bret
A18: 8 | B18: =IF('Master Player List'!$L10=1,'Master Player List'!$J10,"") -> 4.5 | C18: =IF('Master Player List'!L10=1,CONCATENATE('Master Player List'!C10," (",'Master Player List'!E10,")"),"") -> Black, Gene (3.1) | D18: =IF('Master Player List'!L10=1,CONCATENATE('Master Player List'!F10," (",'Master Player List'!H10,")"),"") -> Tilson, Scott (1.4) | E18: 3000 | F18: Vidrine, Scot
D19: Total
A20: Flight #2
A21: Team # | B21: Team HCP | C21: Member | D21: Guest | E21: Bid | F21: Member Owner
A22: 1 | B22: =IF('Master Player List'!$L11=2,'Master Player List'!$J11,"") -> 4.6 | C22: =IF('Master Player List'!L11=2,CONCATENATE('Master Player List'!C11," (",'Master Player List'!E11,")"),"") -> Lau, Jason (4.7) | D22: =IF('Master Player List'!L11=2,CONCATENATE('Master Player List'!F11," (",'Master Player List'!H11,")"),"") -> Martin, Aaron (+0.1) | E22: 2600 | F22: Brymer, Cory | H22: Flight #2 Total | I22: =SUM(E22:E29) -> 21000 | M22: Day Money
A23: 2 | B23: =IF('Master Player List'!$L12=2,'Master Player List'!$J12,"") -> 5 | C23: =IF('Master Player List'!L12=2,CONCATENATE('Master Player List'!C12," (",'Master Player List'!E12,")"),"") -> Peterson, Erik (0) | D23: =IF('Master Player List'!L12=2,CONCATENATE('Master Player List'!F12," (",'Master Player List'!H12,")"),"") -> Ferrell, Ryan (5) | E23: 2200 | F23: Aghazadeh, Abdol | H23: Flight Winners | O23: Thursday | Q23: Friday | S23: Saturday
A24: 3 | B24: =IF('Master Player List'!$L13=2,'Master Player List'!$J13,"") -> 5.1 | C24: =IF('Master Player List'!L13=2,CONCATENATE('Master Player List'!C13," (",'Master Player List'!E13,")"),"") -> Fulmer, Austen (+3.4) | D24: =IF('Master Player List'!L13=2,CONCATENATE('Master Player List'!F13," (",'Master Player List'!H13,")"),"") -> Pacheco, Jeremy (8.5) | E24: 2800 | F24: Aghazadeh, Abdol | J24: Member | K24: Owner | O24: Member | P24: Owner | Q24: Member | R24: Owner | S24: Member | T24: Owner
A25: 4 | B25: =IF('Master Player List'!$L14=2,'Master Player List'!$J14,"") -> 6 | C25: =IF('Master Player List'!L14=2,CONCATENATE('Master Player List'!C14," (",'Master Player List'!E14,")"),"") -> Escobar, Rafael (1.5) | D25: =IF('Master Player List'!L14=2,CONCATENATE('Master Player List'!F14," (",'Master Player List'!H14,")"),"") -> Gillmor, Rob (4.5) | E25: 1800 | F25: Bohnen, John | H25: ="1st (" & (TEXT('Payout Calc'!$K$4, "0%")) & ")" -> 1st (50%) | I25: ='Payout Calc'!H24 -> 6380 | J25: Sherman, Michael | K25: =VLOOKUP(J25,'Master Player List'!$C$2:$N$82,12,0) -> Brymer, Cory | M25: ="1st (" & (TEXT('Payout Calc'!I4, "0%")) & ")" -> 1st (50%) | N25: ='Payout Calc'!H34 -> 1145 | O25: Escobar, Rafael | P25: =VLOOKUP(O25,'Master Player List'!$C$2:$N$82,12,0) -> Bohnen, John | R25: =VLOOKUP(Q25,'Master Player List'!$C$2:$N$82,12,0) -> #N/A | S25: Sherman, Michael | T25: =VLOOKUP(S25,'Master Player List'!$C$2:$N$82,12,0) -> Brymer, Cory
A26: 5 | B26: =IF('Master Player List'!$L15=2,'Master Player List'!$J15,"") -> 6.1 | C26: =IF('Master Player List'!L15=2,CONCATENATE('Master Player List'!C15," (",'Master Player List'!E15,")"),"") -> Bellomio, Ron (3.2) | D26: =IF('Master Player List'!L15=2,CONCATENATE('Master Player List'!F15," (",'Master Player List'!H15,")"),"") -> Boles, John (2.9) | E26: 3000 | F26: Bellomio, Ron | H26: ="2nd (" & (TEXT('Payout Calc'!$K$5, "0%")) & ")" -> 2nd (30%) | I26: ='Payout Calc'!H25 -> 3830 | J26: Fulmer, Austen | K26: =VLOOKUP(J26,'Master Player List'!$C$2:$N$82,12,0) -> Aghazadeh, Abdol | M26: ="2nd (" & (TEXT('Payout Calc'!I5, "0%")) & ")" -> 2nd (30%) | N26: ='Payout Calc'!H35 -> 685 | O26: Sherman, Michael | P26: =VLOOKUP(O26,'Master Player List'!$C$2:$N$82,12,0) -> Brymer, Cory | Q26: Bellomio, Ron | R26: =VLOOKUP(Q26,'Master Player List'!$C$2:$N$82,12,0) -> Bellomio, Ron | S26: Purslow, Brock | T26: =VLOOKUP(S26,'Master Player List'!$C$2:$N$82,12,0) -> Drain, Zip
A27: 6 | B27: =IF('Master Player List'!$L16=2,'Master Player List'!$J16,"") -> 6.6 | C27: =IF('Master Player List'!L16=2,CONCATENATE('Master Player List'!C16," (",'Master Player List'!E16,")"),"") -> Vaughn, Earl (2.9) | D27: =IF('Master Player List'!L16=2,CONCATENATE('Master Player List'!F16," (",'Master Player List'!H16,")"),"") -> Cowden, Cole (3.7) | E27: 5000 | F27: Godhania, Vikas | H27: ="3rd (" & (TEXT('Payout Calc'!$K$6, "0%")) & ")" -> 3rd (20%) | I27: ='Payout Calc'!H26 -> 2550 | J27: Lau, Jason | K27: =VLOOKUP(J27,'Master Player List'!$C$2:$N$82,12,0) -> Brymer, Cory | M27: ="3rd (" & (TEXT('Payout Calc'!I6, "0%")) & ")" -> 3rd (20%) | N27: ='Payout Calc'!H36 -> 455 | O27: Peterson, Erik | P27: =VLOOKUP(O27,'Master Player List'!$C$2:$N$82,12,0) -> Aghazadeh, Abdol | Q27: Sherman, Michael | R27: =VLOOKUP(Q27,'Master Player List'!$C$2:$N$82,12,0) -> Brymer, Cory | T27: =VLOOKUP(S27,'Master Player List'!$C$2:$N$82,12,0) -> #N/A
A28: 7 | B28: =IF('Master Player List'!$L17=2,'Master Player List'!$J17,"") -> 7.5 | C28: =IF('Master Player List'!L17=2,CONCATENATE('Master Player List'!C17," (",'Master Player List'!E17,")"),"") -> Jain, Nitin (7.5) | D28: =IF('Master Player List'!L17=2,CONCATENATE('Master Player List'!F17," (",'Master Player List'!H17,")"),"") -> Friggle, Scott (0) | E28: 1200 | F28: Wedgeworth, Cliff
A29: 8 | B29: =IF('Master Player List'!$L18=2,'Master Player List'!$J18,"") -> 7.6 | C29: =IF('Master Player List'!L18=2,CONCATENATE('Master Player List'!C18," (",'Master Player List'!E18,")"),"") -> Purslow, Brock (0) | D29: =IF('Master Player List'!L18=2,CONCATENATE('Master Player List'!F18," (",'Master Player List'!H18,")"),"") -> Thompson, Brad (7.6) | E29: 2400 | F29: Drain, Zip
D30: Total | E30: =SUM(E22:E29) -> 21000
A31: Flight #3
A32: Team # | B32: Team HCP | C32: Member | D32: Guest | E32: Bid | F32: Member Owner
A33: 1 | B33: =IF('Master Player List'!L19=3,'Master Player List'!I19,"") -> 8.8 | C33: =IF('Master Player List'!L19=3,CONCATENATE('Master Player List'!C19," (",'Master Player List'!E19,")"),"") -> Esau, Nickolai (+1) | D33: =IF('Master Player List'!L19=3,CONCATENATE('Master Player List'!F19," (",'Master Player List'!H19,")"),"") -> Esau, Rex (9.8) | E33: 1100 | F33: Bohnen, John | H33: Flight #3 Total | I33: =SUM(E33:E40) -> 13400 | M33: Day Money
A34: 2 | B34: =IF('Master Player List'!L20=3,'Master Player List'!I20,"") -> 9 | C34: =IF('Master Player List'!L20=3,CONCATENATE('Master Player List'!C20," (",'Master Player List'!E20,")"),"") -> Scott, Jonathan (2.4) | D34: =IF('Master Player List'!L20=3,CONCATENATE('Master Player List'!F20," (",'Master Player List'!H20,")"),"") -> McGowan, Marshall (6.6) | E34: 1100 | F34: Scott, Jonathan | H34: Flight Winners | O34: Thursday | Q34: Friday | S34: Saturday
A35: 3 | B35: =IF('Master Player List'!L21=3,'Master Player List'!I21,"") -> 9.1 | C35: =IF('Master Player List'!L21=3,CONCATENATE('Master Player List'!C21," (",'Master Player List'!E21,")"),"") -> Hill, Justin (9.2) | D35: =IF('Master Player List'!L21=3,CONCATENATE('Master Player List'!F21," (",'Master Player List'!H21,")"),"") -> Bobbitt, Jason (+0.1) | E35: 1900 | F35: Vidrine, Scot | J35: Member | K35: Owner | O35: Member | P35: Owner | Q35: Member | R35: Owner | S35: Member | T35: Owner
A36: 4 | B36: =IF('Master Player List'!L22=3,'Master Player List'!I22,"") -> 9.2 | C36: =IF('Master Player List'!L22=3,CONCATENATE('Master Player List'!C22," (",'Master Player List'!E22,")"),"") -> Ramirez, David (3.5) | D36: =IF('Master Player List'!L22=3,CONCATENATE('Master Player List'!F22," (",'Master Player List'!H22,")"),"") -> May, Jason (5.7) | E36: 2100 | F36: Aghazadeh, Abdol | H36: ="1st (" & (TEXT('Payout Calc'!$K$4, "0%")) & ")" -> 1st (50%) | I36: ='Payout Calc'!L24 -> 4060 | K36: =VLOOKUP(J36,'Master Player List'!$C$2:$N$82,12,0) -> #N/A | M36: ="1st (" & (TEXT('Payout Calc'!$I$4, "0%")) & ")" -> 1st (50%) | N36: ='Payout Calc'!L34 -> 725 | P36: =VLOOKUP(O36,'Master Player List'!$C$2:$N$82,12,0) -> #N/A | R36: =VLOOKUP(Q36,'Master Player List'!$C$2:$N$82,12,0) -> #N/A | T36: =VLOOKUP(S36,'Master Player List'!$C$2:$N$82,12,0) -> #N/A
A37: 5 | B37: =IF('Master Player List'!L23=3,'Master Player List'!I23,"") -> 9.5 | C37: =IF('Master Player List'!L23=3,CONCATENATE('Master Player List'!C23," (",'Master Player List'!E23,")"),"") -> Kellner, Timothy (1.5) | D37: =IF('Master Player List'!L23=3,CONCATENATE('Master Player List'!F23," (",'Master Player List'!H23,")"),"") -> Flinn, Kyle (8) | E37: 2100 | F37: Vaughn, Earl | H37: ="2nd (" & (TEXT('Payout Calc'!$K$5, "0%")) & ")" -> 2nd (30%) | I37: ='Payout Calc'!L25 -> 2435 | J37: Hill, Justin | K37: =VLOOKUP(J37,'Master Player List'!$C$2:$N$82,12,0) -> Vidrine, Scot | M37: ="2nd (" & (TEXT('Payout Calc'!$I$5, "0%")) & ")" -> 2nd (30%) | N37: ='Payout Calc'!L35 -> 435 | P37: =VLOOKUP(O37,'Master Player List'!$C$2:$N$82,12,0) -> #N/A | R37: =VLOOKUP(Q37,'Master Player List'!$C$2:$N$82,12,0) -> #N/A | T37: =VLOOKUP(S37,'Master Player List'!$C$2:$N$82,12,0) -> #N/A
A38: 6 | B38: =IF('Master Player List'!L24=3,'Master Player List'!I24,"") -> 9.7 | C38: =IF('Master Player List'!L24=3,CONCATENATE('Master Player List'!C24," (",'Master Player List'!E24,")"),"") -> Kromis, Daniel (4.5) | D38: =IF('Master Player List'!L24=3,CONCATENATE('Master Player List'!F24," (",'Master Player List'!H24,")"),"") -> Wilson, David (5.2) | E38: 1800 | F38: Kromis, Daniel | H38: ="3rd (" & (TEXT('Payout Calc'!$K$6, "0%")) & ")" -> 3rd (20%) | I38: ='Payout Calc'!L26 -> 1625 | K38: =VLOOKUP(J38,'Master Player List'!$C$2:$N$82,12,0) -> #N/A | M38: ="3rd (" & (TEXT('Payout Calc'!$I$6, "0%")) & ")" -> 3rd (20%) | N38: ='Payout Calc'!L36 -> 290 | O38: Scott, Jonathan | P38: =VLOOKUP(O38,'Master Player List'!$C$2:$N$82,12,0) -> Scott, Jonathan | R38: =VLOOKUP(Q38,'Master Player List'!$C$2:$N$82,12,0) -> #N/A | T38: =VLOOKUP(S38,'Master Player List'!$C$2:$N$82,12,0) -> #N/A
A39: 7 | B39: =IF('Master Player List'!L25=3,'Master Player List'!I25,"") -> 10.3 | C39: =IF('Master Player List'!L25=3,CONCATENATE('Master Player List'!C25," (",'Master Player List'!E25,")"),"") -> Sherman, Michael (7.5) | D39: =IF('Master Player List'!L25=3,CONCATENATE('Master Player List'!F25," (",'Master Player List'!H25,")"),"") -> Elvers, Nate (2.8) | E39: 1900 | F39: Brymer, Cory
A40: 8 | B40: =IF('Master Player List'!L26=3,'Master Player List'!I26,"") -> 10.3 | C40: =IF('Master Player List'!L26=3,CONCATENATE('Master Player List'!C26," (",'Master Player List'!E26,")"),"") -> Jones, Jason (4.9) | D40: =IF('Master Player List'!L26=3,CONCATENATE('Master Player List'!F26," (",'Master Player List'!H26,")"),"") -> Qualls, Michael (5.4) | E40: 1400 | F40: Fulmer, Austen
D41: Total | E41: =SUM(E33:E40) -> 13400
A42: Flight #4
A43: Team # | B43: Team HCP | C43: Member | D43: Guest | E43: Bid | F43: Member Owner
A44: 1 | B44: =IF('Master Player List'!L27=4,'Master Player List'!I27,"") -> 10.4 | C44: =IF('Master Player List'!L27=4,CONCATENATE('Master Player List'!C27," (",'Master Player List'!E27,")"),"") -> Brymer, Cory (4.4) | D44: =IF('Master Player List'!L27=4,CONCATENATE('Master Player List'!F27," (",'Master Player List'!H27,")"),"") -> Manas, Shane (6) | E44: 1900 | F44: Jones, Jason | H44: Flight #4 Total | I44: =SUM(E44:E51) -> 19500 | M44: Day Money
A45: 2 | B45: =IF('Master Player List'!L28=4,'Master Player List'!I28,"") -> 10.4 | C45: =IF('Master Player List'!L28=4,CONCATENATE('Master Player List'!C28," (",'Master Player List'!E28,")"),"") -> Ledet, Jim (4.6) | D45: =IF('Master Player List'!L28=4,CONCATENATE('Master Player List'!F28," (",'Master Player List'!H28,")"),"") -> Doucet, Jamie (5.8) | E45: 5100 | F45: Aghazadeh, Abdol | H45: Flight Winners | O45: Thursday | Q45: Friday | S45: Saturday
A46: 3 | B46: =IF('Master Player List'!L29=4,'Master Player List'!I29,"") -> 10.6 | C46: =IF('Master Player List'!L29=4,CONCATENATE('Master Player List'!C29," (",'Master Player List'!E29,")"),"") -> Nugent, Tim (6.9) | D46: =IF('Master Player List'!L29=4,CONCATENATE('Master Player List'!F29," (",'Master Player List'!H29,")"),"") -> Williams, Jeff (3.7) | E46: 1600 | F46: Vaughn, Earl | J46: Member | K46: Owner | O46: Member | P46: Owner | Q46: Member | R46: Owner | S46: Member | T46: Owner
A47: 4 | B47: =IF('Master Player List'!L30=4,'Master Player List'!I30,"") -> 10.8 | C47: =IF('Master Player List'!L30=4,CONCATENATE('Master Player List'!C30," (",'Master Player List'!E30,")"),"") -> Dietz, Jeffrey (5.2) | D47: =IF('Master Player List'!L30=4,CONCATENATE('Master Player List'!F30," (",'Master Player List'!H30,")"),"") -> Morris, Brian (5.6) | E47: 3600 | F47: Aghazadeh, Abdol | H47: ="1st (" & (TEXT('Payout Calc'!$K$4, "0%")) & ")" -> 1st (50%) | I47: ='Payout Calc'!P24 -> 5925 | J47: Dietz, Jeffrey | K47: =VLOOKUP(J47,'Master Player List'!$C$2:$N$82,12,0) -> Aghazadeh, Abdol | M47: ="1st (" & (TEXT('Payout Calc'!$I$4, "0%")) & ")" -> 1st (50%) | N47: ='Payout Calc'!P34 -> 1060 | P47: =VLOOKUP(O47,'Master Player List'!$C$2:$N$82,12,0) -> #N/A | R47: =VLOOKUP(Q47,'Master Player List'!$C$2:$N$82,12,0) -> #N/A | T47: =VLOOKUP(S47,'Master Player List'!$C$2:$N$82,12,0) -> #N/A
A48: 5 | B48: =IF('Master Player List'!L31=4,'Master Player List'!I31,"") -> 11 | C48: =IF('Master Player List'!L31=4,CONCATENATE('Master Player List'!C31," (",'Master Player List'!E31,")"),"") -> Tionloc, Alex (6) | D48: =IF('Master Player List'!L31=4,CONCATENATE('Master Player List'!F31," (",'Master Player List'!H31,")"),"") -> Hicks, Clay (5) | E48: 2000 | F48: Vidrine, Scot | H48: ="2nd (" & (TEXT('Payout Calc'!$K$5, "0%")) & ")" -> 2nd (30%) | I48: ='Payout Calc'!P25 -> 3555 | J48: Tionloc, Alex | K48: =VLOOKUP(J48,'Master Player List'!$C$2:$N$82,12,0) -> Vidrine, Scot | M48: ="2nd (" & (TEXT('Payout Calc'!$I$5, "0%")) & ")" -> 2nd (30%) | N48: ='Payout Calc'!P35 -> 635 | P48: =VLOOKUP(O48,'Master Player List'!$C$2:$N$82,12,0) -> #N/A | R48: =VLOOKUP(Q48,'Master Player List'!$C$2:$N$82,12,0) -> #N/A | T48: =VLOOKUP(S48,'Master Player List'!$C$2:$N$82,12,0) -> #N/A
A49: 6 | B49: =IF('Master Player List'!L32=4,'Master Player List'!I32,"") -> 11.8 | C49: =IF('Master Player List'!L32=4,CONCATENATE('Master Player List'!C32," (",'Master Player List'!E32,")"),"") -> Redding, Scott (5.8) | D49: =IF('Master Player List'!L32=4,CONCATENATE('Master Player List'!F32," (",'Master Player List'!H32,")"),"") -> Redding, David (6) | E49: 1600 | F49: Vaughn, Earl | H49: ="3rd (" & (TEXT('Payout Calc'!$K$6, "0%")) & ")" -> 3rd (20%) | I49: ='Payout Calc'!P26 -> 2370 | J49: Redding, Scott | K49: =VLOOKUP(J49,'Master Player List'!$C$2:$N$82,12,0) -> Vaughn, Earl | M49: ="3rd (" & (TEXT('Payout Calc'!$I$6, "0%")) & ")" -> 3rd (20%) | N49: ='Payout Calc'!P36 -> 425 | P49: =VLOOKUP(O49,'Master Player List'!$C$2:$N$82,12,0) -> #N/A | R49: =VLOOKUP(Q49,'Master Player List'!$C$2:$N$82,12,0) -> #N/A | T49: =VLOOKUP(S49,'Master Player List'!$C$2:$N$82,12,0) -> #N/A
A50: 7 | B50: =IF('Master Player List'!L33=4,'Master Player List'!I33,"") -> 12 | C50: =IF('Master Player List'!L33=4,CONCATENATE('Master Player List'!C33," (",'Master Player List'!E33,")"),"") -> Waclawsky, Paul (3.7) | D50: =IF('Master Player List'!L33=4,CONCATENATE('Master Player List'!F33," (",'Master Player List'!H33,")"),"") -> Anderson, John (8.3) | E50: 1600 | F50: Aghazadeh, Abdol
A51: 8 | B51: =IF('Master Player List'!L34=4,'Master Player List'!I34,"") -> 12.3 | C51: =IF('Master Player List'!L34=4,CONCATENATE('Master Player List'!C34," (",'Master Player List'!E34,")"),"") -> Erickson, Nick (+0.1) | D51: =IF('Master Player List'!L34=4,CONCATENATE('Master Player List'!F34," (",'Master Player List'!H34,")"),"") -> Erickson, Michael (12.4) | E51: 2100 | F51: Cress, Pj
D52: Total | E52: =SUM(E44:E51) -> 19500
A53: Flight #5
A54: Team # | B54: Team HCP | C54: Member | D54: Guest | E54: Bid | F54: Member Owner
A55: 1 | B55: =IF('Master Player List'!L35=5,'Master Player List'!I35,"") -> 12.5 | C55: =IF('Master Player List'!L35=5,CONCATENATE('Master Player List'!C35," (",'Master Player List'!E35,")"),"") -> Scott, Paul (11) | D55: =IF('Master Player List'!L35=5,CONCATENATE('Master Player List'!F35," (",'Master Player List'!H35,")"),"") -> Stopnik, Sean (1.5) | E55: 2000 | F55: Schnautz, David | H55: Flight #5 Total | I55: =SUM(E55:E62) -> 12000 | M55: Day Money
A56: 2 | B56: =IF('Master Player List'!L36=5,'Master Player List'!I36,"") -> 12.8 | C56: =IF('Master Player List'!L36=5,CONCATENATE('Master Player List'!C36," (",'Master Player List'!E36,")"),"") -> Marusco, Austin (9.1) | D56: =IF('Master Player List'!L36=5,CONCATENATE('Master Player List'!F36," (",'Master Player List'!H36,")"),"") -> Joyce, Brendan (3.7) | E56: 1900 | F56: Parent, Brian | H56: Flight Winners | O56: Thursday | Q56: Friday | S56: Saturday
A57: 3 | B57: =IF('Master Player List'!L37=5,'Master Player List'!I37,"") -> 12.9 | C57: =IF('Master Player List'!L37=5,CONCATENATE('Master Player List'!C37," (",'Master Player List'!E37,")"),"") -> Butler, Gregory (7.1) | D57: =IF('Master Player List'!L37=5,CONCATENATE('Master Player List'!F37," (",'Master Player List'!H37,")"),"") -> Butler, Jonathan (5.8) | E57: 1100 | F57: Capone, Michael | J57: Member | K57: Owner | O57: Member | P57: Owner | Q57: Member | R57: Owner | S57: Member | T57: Owner
A58: 4 | B58: =IF('Master Player List'!L38=5,'Master Player List'!I38,"") -> 13.2 | C58: =IF('Master Player List'!L38=5,CONCATENATE('Master Player List'!C38," (",'Master Player List'!E38,")"),"") -> Drain, Zip (8) | D58: =IF('Master Player List'!L38=5,CONCATENATE('Master Player List'!F38," (",'Master Player List'!H38,")"),"") -> Lange, Mark (5.2) | E58: 1400 | F58: Butler, Gregory | H58: ="1st (" & (TEXT('Payout Calc'!$K$4, "0%")) & ")" -> 1st (50%) | I58: ='Payout Calc'!T24 -> 3635 | J58: Butler, Gregory | K58: =VLOOKUP(J58,'Master Player List'!$C$2:$N$82,12,0) -> Capone, Michael | M58: ="1st (" & (TEXT('Payout Calc'!$I$4, "0%")) & ")" -> 1st (50%) | N58: ='Payout Calc'!T34 -> 650 | O58: Butler, Gregory | P58: =VLOOKUP(O58,'Master Player List'!$C$2:$N$82,12,0) -> Capone, Michael | R58: =VLOOKUP(Q58,'Master Player List'!$C$2:$N$82,12,0) -> #N/A | T58: =VLOOKUP(S58,'Master Player List'!$C$2:$N$82,12,0) -> #N/A
A59: 5 | B59: =IF('Master Player List'!L39=5,'Master Player List'!I39,"") -> 13.3 | C59: =IF('Master Player List'!L39=5,CONCATENATE('Master Player List'!C39," (",'Master Player List'!E39,")"),"") -> Turner, Trevor (4) | D59: =IF('Master Player List'!L39=5,CONCATENATE('Master Player List'!F39," (",'Master Player List'!H39,")"),"") -> Sherman, John (9.3) | E59: 1400 | F59: Fulmer, Austen | H59: ="2nd (" & (TEXT('Payout Calc'!$K$5, "0%")) & ")" -> 2nd (30%) | I59: ='Payout Calc'!T25 -> 2180 | J59: Turner, Trevor | K59: =VLOOKUP(J59,'Master Player List'!$C$2:$N$82,12,0) -> Fulmer, Austen | M59: ="2nd (" & (TEXT('Payout Calc'!$I$5, "0%")) & ")" -> 2nd (30%) | N59: ='Payout Calc'!T35 -> 390 | P59: =VLOOKUP(O59,'Master Player List'!$C$2:$N$82,12,0) -> #N/A | R59: =VLOOKUP(Q59,'Master Player List'!$C$2:$N$82,12,0) -> #N/A | T59: =VLOOKUP(S59,'Master Player List'!$C$2:$N$82,12,0) -> #N/A
A60: 6 | B60: =IF('Master Player List'!L40=5,'Master Player List'!I40,"") -> 13.5 | C60: =IF('Master Player List'!L40=5,CONCATENATE('Master Player List'!C40," (",'Master Player List'!E40,")"),"") -> Spisak, Brian (6.9) | D60: =IF('Master Player List'!L40=5,CONCATENATE('Master Player List'!F40," (",'Master Player List'!H40,")"),"") -> Haarberg, Casey (6.6) | E60: 1300 | F60: Spisak, Brian | H60: ="3rd (" & (TEXT('Payout Calc'!$K$6, "0%")) & ")" -> 3rd (20%) | I60: ='Payout Calc'!T26 -> 1450 | J60: Scott, Paul | K60: =VLOOKUP(J60,'Master Player List'!$C$2:$N$82,12,0) -> Schnautz, David | M60: ="3rd (" & (TEXT('Payout Calc'!$I$6, "0%")) & ")" -> 3rd (20%) | N60: ='Payout Calc'!T36 -> 260 | P60: =VLOOKUP(O60,'Master Player List'!$C$2:$N$82,12,0) -> #N/A | R60: =VLOOKUP(Q60,'Master Player List'!$C$2:$N$82,12,0) -> #N/A | T60: =VLOOKUP(S60,'Master Player List'!$C$2:$N$82,12,0) -> #N/A
A61: 7 | B61: =IF('Master Player List'!L41=5,'Master Player List'!I41,"") -> 13.7 | C61: =IF('Master Player List'!L41=5,CONCATENATE('Master Player List'!C41," (",'Master Player List'!E41,")"),"") -> Munoz, Juan (7.4) | D61: =IF('Master Player List'!L41=5,CONCATENATE('Master Player List'!F41," (",'Master Player List'!H41,")"),"") -> Sanchez, Bert (6.3) | E61: 1700 | F61: Aghazadeh, Abdol
A62: 8 | B62: =IF('Master Player List'!L42=5,'Master Player List'!I42,"") -> 15.2 | C62: =IF('Master Player List'!L42=5,CONCATENATE('Master Player List'!C42," (",'Master Player List'!E42,")"),"") -> Samsel, Steve (2.7) | D62: =IF('Master Player List'!L42=5,CONCATENATE('Master Player List'!F42," (",'Master Player List'!H42,")"),"") -> Whiston, Patrick (12.5) | E62: 1200 | F62: Samsel, Steve
D63: Total | E63: =SUM(E55:E62) -> 12000
A64: Flight #6
A65: Team # | B65: Combined HCP | C65: Member | D65: Guest | E65: Bid | F65: Member Owner
A66: 1 | B66: =IF('Master Player List'!L43=6,'Master Player List'!I43,"") -> 15.2 | C66: =IF('Master Player List'!L43=6,CONCATENATE('Master Player List'!C43," (",'Master Player List'!E43,")"),"") -> French, Arthur (10.4) | D66: =IF('Master Player List'!L43=6,CONCATENATE('Master Player List'!F43," (",'Master Player List'!H43,")"),"") -> Reese, Brian (4.8) | E66: 1000 | F66: French, Arthur | H66: Flight #6 Total | I66: =SUM(E66:E73) -> 11400 | M66: Day Money
A67: 2 | B67: =IF('Master Player List'!L44=6,'Master Player List'!I44,"") -> 15.5 | C67: =IF('Master Player List'!L44=6,CONCATENATE('Master Player List'!C44," (",'Master Player List'!E44,")"),"") -> Aghazadeh, Abdol (5.3) | D67: =IF('Master Player List'!L44=6,CONCATENATE('Master Player List'!F44," (",'Master Player List'!H44,")"),"") -> Khorzad, Kaveh (10.2) | E67: 2500 | F67: Brymer, Cory | H67: Flight Winners | O67: Thursday | Q67: Friday | S67: Saturday
A68: 3 | B68: =IF('Master Player List'!L45=6,'Master Player List'!I45,"") -> 15.8 | C68: =IF('Master Player List'!L45=6,CONCATENATE('Master Player List'!C45," (",'Master Player List'!E45,")"),"") -> Burton, Aaron (5.7) | D68: =IF('Master Player List'!L45=6,CONCATENATE('Master Player List'!F45," (",'Master Player List'!H45,")"),"") -> Krueger, Kyle (10.1) | E68: 1500 | F68: Vaughn, Earl | J68: Member | K68: Owner | O68: Member | P68: Owner | Q68: Member | R68: Owner | S68: Member | T68: Owner
A69: 4 | B69: =IF('Master Player List'!L46=6,'Master Player List'!I46,"") -> 15.9 | C69: =IF('Master Player List'!L46=6,CONCATENATE('Master Player List'!C46," (",'Master Player List'!E46,")"),"") -> Crutcher, Ian (3.5) | D69: =IF('Master Player List'!L46=6,CONCATENATE('Master Player List'!F46," (",'Master Player List'!H46,")"),"") -> Crutcher, Jonathan (12.4) | E69: 1500 | F69: Crutcher, Ian | H69: ="1st (" & (TEXT('Payout Calc'!$K$4, "0%")) & ")" -> 1st (50%) | I69: ='Payout Calc'!D57 -> 3450 | J69: Sawyer, Ryan | K69: =VLOOKUP(J69,'Master Player List'!$C$2:$N$82,12,0) -> Fulmer, Austen | M69: ="1st (" & (TEXT('Payout Calc'!$I$4, "0%")) & ")" -> 1st (50%) | N69: ='Payout Calc'!D67 -> 615 | O69: Crutcher, Ian | P69: =VLOOKUP(O69,'Master Player List'!$C$2:$N$82,12,0) -> Crutcher, Ian | R69: =VLOOKUP(Q69,'Master Player List'!$C$2:$N$82,12,0) -> #N/A | S69: French, Arthur | T69: =VLOOKUP(S69,'Master Player List'!$C$2:$N$82,12,0) -> French, Arthur
A70: 5 | B70: =IF('Master Player List'!L47=6,'Master Player List'!I47,"") -> 16 | C70: =IF('Master Player List'!L47=6,CONCATENATE('Master Player List'!C47," (",'Master Player List'!E47,")"),"") -> Shulman, Brandon (10.1) | D70: =IF('Master Player List'!L47=6,CONCATENATE('Master Player List'!F47," (",'Master Player List'!H47,")"),"") -> Schietinger, John (5.9) | E70: 1000 | F70: Grantham, Mark | H70: ="2nd (" & (TEXT('Payout Calc'!$K$5, "0%")) & ")" -> 2nd (30%) | I70: ='Payout Calc'!D58 -> 2070 | K70: =VLOOKUP(J70,'Master Player List'!$C$2:$N$82,12,0) -> #N/A | M70: ="2nd (" & (TEXT('Payout Calc'!$I$5, "0%")) & ")" -> 2nd (30%) | N70: ='Payout Calc'!D68 -> 370 | P70: =VLOOKUP(O70,'Master Player List'!$C$2:$N$82,12,0) -> #N/A | Q70: Shulman, Brandon | R70: =VLOOKUP(Q70,'Master Player List'!$C$2:$N$82,12,0) -> Grantham, Mark | T70: =VLOOKUP(S70,'Master Player List'!$C$2:$N$82,12,0) -> #N/A
A71: 6 | B71: =IF('Master Player List'!L48=6,'Master Player List'!I48,"") -> 16 | C71: =IF('Master Player List'!L48=6,CONCATENATE('Master Player List'!C48," (",'Master Player List'!E48,")"),"") -> Sawyer, Ryan (7.5) | D71: =IF('Master Player List'!L48=6,CONCATENATE('Master Player List'!F48," (",'Master Player List'!H48,")"),"") -> Resnick, Dan (8.5) | E71: 1300 | F71: Fulmer, Austen | H71: ="3rd (" & (TEXT('Payout Calc'!$K$6, "0%")) & ")" -> 3rd (20%) | I71: ='Payout Calc'!D59 -> 1380 | J71: O'Farrell, Patrick | K71: =VLOOKUP(J71,'Master Player List'!$C$2:$N$82,12,0) -> Drain, Zip | M71: ="3rd (" & (TEXT('Payout Calc'!$I$6, "0%")) & ")" -> 3rd (20%) | N71: ='Payout Calc'!D69 -> 245 | P71: =VLOOKUP(O71,'Master Player List'!$C$2:$N$82,12,0) -> #N/A | R71: =VLOOKUP(Q71,'Master Player List'!$C$2:$N$82,12,0) -> #N/A | T71: =VLOOKUP(S71,'Master Player List'!$C$2:$N$82,12,0) -> #N/A
A72: 7 | B72: =IF('Master Player List'!L49=6,'Master Player List'!I49,"") -> 16.6 | C72: =IF('Master Player List'!L49=6,CONCATENATE('Master Player List'!C49," (",'Master Player List'!E49,")"),"") -> O'Farrell, Patrick (2.3) | D72: =IF('Master Player List'!L49=6,CONCATENATE('Master Player List'!F49," (",'Master Player List'!H49,")"),"") -> Elder, Forrest (14.3) | E72: 1400 | F72: Drain, Zip
A73: 8 | B73: =IF('Master Player List'!L50=6,'Master Player List'!I50,"") -> 16.7 | C73: =IF('Master Player List'!L50=6,CONCATENATE('Master Player List'!C50," (",'Master Player List'!E50,")"),"") -> Vidrine, Scot (5.5) | D73: =IF('Master Player List'!L50=6,CONCATENATE('Master Player List'!F50," (",'Master Player List'!H50,")"),"") -> Nicholson, Scott (11.2) | E73: 1200 | F73: Lau, Jason
D74: Total | E74: =SUM(E66:E73) -> 11400
A75: Flight #7
A76: Team # | B76: Team HCP | C76: Member | D76: Guest | E76: Bid | F76: Member Owner
A77: 1 | B77: =IF('Master Player List'!L51=7,'Master Player List'!I51,"") -> 17.1 | C77: =IF('Master Player List'!L51=7,CONCATENATE('Master Player List'!C51," (",'Master Player List'!E51,")"),"") -> Rzepniewski, Jason (7.2) | D77: =IF('Master Player List'!L51=7,CONCATENATE('Master Player List'!F51," (",'Master Player List'!H51,")"),"") -> VanNoller, John (9.9) | E77: 1500 | F77: Rzepniewski, Jason | H77: Flight #7 Total | I77: =SUM(E77:E84) -> 10300 | M77: Day Money
A78: 2 | B78: =IF('Master Player List'!L52=7,'Master Player List'!I52,"") -> 17.1 | C78: =IF('Master Player List'!L52=7,CONCATENATE('Master Player List'!C52," (",'Master Player List'!E52,")"),"") -> Patel, Bhav (8) | D78: =IF('Master Player List'!L52=7,CONCATENATE('Master Player List'!F52," (",'Master Player List'!H52,")"),"") -> Ballou, Bob (9.1) | E78: 1500 | F78: Wedgeworth, Cliff | H78: Flight Winners | O78: Thursday | Q78: Friday | S78: Saturday
A79: 3 | B79: =IF('Master Player List'!L53=7,'Master Player List'!I53,"") -> 17.4 | C79: =IF('Master Player List'!L53=7,CONCATENATE('Master Player List'!C53," (",'Master Player List'!E53,")"),"") -> Ryan, Mike (10.1) | D79: =IF('Master Player List'!L53=7,CONCATENATE('Master Player List'!F53," (",'Master Player List'!H53,")"),"") -> Enberg, Erik (7.3) | E79: 1200 | F79: Grantham, Mark | J79: Member | K79: Owner | O79: Member | P79: Owner | Q79: Member | R79: Owner | S79: Member | T79: Owner
A80: 4 | B80: =IF('Master Player List'!L54=7,'Master Player List'!I54,"") -> 17.4 | C80: =IF('Master Player List'!L54=7,CONCATENATE('Master Player List'!C54," (",'Master Player List'!E54,")"),"") -> Toombs, Chris (8.4) | D80: =IF('Master Player List'!L54=7,CONCATENATE('Master Player List'!F54," (",'Master Player List'!H54,")"),"") -> March, James (9) | E80: 900 | F80: Parent, Brian | H80: ="1st (" & (TEXT('Payout Calc'!$K$4, "0%")) & ")" -> 1st (50%) | I80: ='Payout Calc'!H57 -> 3115 | J80: Godhania, Vikas | K80: =VLOOKUP(J80,'Master Player List'!$C$2:$N$82,12,0) -> Edwards, Patric | M80: ="1st (" & (TEXT('Payout Calc'!$I$4, "0%")) & ")" -> 1st (50%) | N80: ='Payout Calc'!H67 -> 555 | O80: Patel, Bhav | P80: =VLOOKUP(O80,'Master Player List'!$C$2:$N$82,12,0) -> Wedgeworth, Cliff | Q80: Patel, Bhav | R80: =VLOOKUP(Q80,'Master Player List'!$C$2:$N$82,12,0) -> Wedgeworth, Cliff | T80: =VLOOKUP(S80,'Master Player List'!$C$2:$N$82,12,0) -> #N/A
A81: 5 | B81: =IF('Master Player List'!L55=7,'Master Player List'!I55,"") -> 17.5 | C81: =IF('Master Player List'!L55=7,CONCATENATE('Master Player List'!C55," (",'Master Player List'!E55,")"),"") -> Conwell, Jerry (3.4) | D81: =IF('Master Player List'!L55=7,CONCATENATE('Master Player List'!F55," (",'Master Player List'!H55,")"),"") -> Kendrick, Collin (14.1) | E81: 2200 | F81: Schnautz, David | H81: ="2nd (" & (TEXT('Payout Calc'!$K$5, "0%")) & ")" -> 2nd (30%) | I81: ='Payout Calc'!H58 -> 1865 | J81: Rzepniewski, Jason | K81: =VLOOKUP(J81,'Master Player List'!$C$2:$N$82,12,0) -> Rzepniewski, Jason | M81: ="2nd (" & (TEXT('Payout Calc'!$I$5, "0%")) & ")" -> 2nd (30%) | N81: ='Payout Calc'!H68 -> 335 | O81: Ryan, Mike | P81: =VLOOKUP(O81,'Master Player List'!$C$2:$N$82,12,0) -> Grantham, Mark | R81: =VLOOKUP(Q81,'Master Player List'!$C$2:$N$82,12,0) -> #N/A | S81: Oster, Neil | T81: =VLOOKUP(S81,'Master Player List'!$C$2:$N$82,12,0) -> Aghazadeh, Abdol
A82: 6 | B82: =IF('Master Player List'!L56=7,'Master Player List'!I56,"") -> 18.1 | C82: =IF('Master Player List'!L56=7,CONCATENATE('Master Player List'!C56," (",'Master Player List'!E56,")"),"") -> Oster, Neil (6.9) | D82: =IF('Master Player List'!L56=7,CONCATENATE('Master Player List'!F56," (",'Master Player List'!H56,")"),"") -> Clark, Andrew (11.2) | E82: 1200 | F82: Aghazadeh, Abdol | H82: ="3rd (" & (TEXT('Payout Calc'!$K$6, "0%")) & ")" -> 3rd (20%) | I82: ='Payout Calc'!H59 -> 1245 | J82: Toombs, Chris | K82: =VLOOKUP(J82,'Master Player List'!$C$2:$N$82,12,0) -> Parent, Brian | M82: ="3rd (" & (TEXT('Payout Calc'!$I$6, "0%")) & ")" -> 3rd (20%) | N82: ='Payout Calc'!H69 -> 220 | P82: =VLOOKUP(O82,'Master Player List'!$C$2:$N$82,12,0) -> #N/A | R82: =VLOOKUP(Q82,'Master Player List'!$C$2:$N$82,12,0) -> #N/A | T82: =VLOOKUP(S82,'Master Player List'!$C$2:$N$82,12,0) -> #N/A
A83: 7 | B83: =IF('Master Player List'!L57=7,'Master Player List'!I57,"") -> 18.1 | C83: =IF('Master Player List'!L57=7,CONCATENATE('Master Player List'!C57," (",'Master Player List'!E57,")"),"") -> Godhania, Vikas (9.4) | D83: =IF('Master Player List'!L57=7,CONCATENATE('Master Player List'!F57," (",'Master Player List'!H57,")"),"") -> Mosqueda, Scott (8.7) | E83: 1000 | F83: Edwards, Patric
A84: 8 | B84: =IF('Master Player List'!L58=7,'Master Player List'!I58,"") -> 18.4 | C84: =IF('Master Player List'!L58=7,CONCATENATE('Master Player List'!C58," (",'Master Player List'!E58,")"),"") -> Edwards, Patric (8.8) | D84: =IF('Master Player List'!L58=7,CONCATENATE('Master Player List'!F58," (",'Master Player List'!H58,")"),"") -> Lorts, Anthony (9.6) | E84: 800 | F84: Edwards, Patric
D85: Total | E85: =SUM(E77:E84) -> 10300
A86: Flight #8
A87: Team # | B87: Team HCP | C87: Member | D87: Guest | E87: Bid | F87: Member Owner
A88: 1 | B88: =IF('Master Player List'!L59=8,'Master Player List'!I59,"") -> 18.8 | C88: =IF('Master Player List'!L59=8,CONCATENATE('Master Player List'!C59," (",'Master Player List'!E59,")"),"") -> Jackson, Eric (9.8) | D88: =IF('Master Player List'!L59=8,CONCATENATE('Master Player List'!F59," (",'Master Player List'!H59,")"),"") -> Jackson, Paul (9) | E88: 600 | F88: Aghazadeh, Abdol | H88: Flight #8 Total | I88: =SUM(E88:E95) -> 9300 | M88: Day Money
A89: 2 | B89: =IF('Master Player List'!L60=8,'Master Player List'!I60,"") -> 19.2 | C89: =IF('Master Player List'!L60=8,CONCATENATE('Master Player List'!C60," (",'Master Player List'!E60,")"),"") -> Kandala, Ravi (6.2) | D89: =IF('Master Player List'!L60=8,CONCATENATE('Master Player List'!F60," (",'Master Player List'!H60,")"),"") -> Reddy, Shireesh (13) | E89: 1100 | F89: Kandala, Ravi | H89: Flight Winners | O89: Thursday | Q89: Friday | S89: Saturday
A90: 3 | B90: =IF('Master Player List'!L61=8,'Master Player List'!I61,"") -> 19.6 | C90: =IF('Master Player List'!L61=8,CONCATENATE('Master Player List'!C61," (",'Master Player List'!E61,")"),"") -> Korndorffer, Blake (2.6) | D90: =IF('Master Player List'!L61=8,CONCATENATE('Master Player List'!F61," (",'Master Player List'!H61,")"),"") -> Korndorffer, Brad (17) | E90: 1500 | F90: Aghazadeh, Abdol | J90: Member | K90: Owner | O90: Member | P90: Owner | Q90: Member | R90: Owner | S90: Member | T90: Owner
A91: 4 | B91: =IF('Master Player List'!L62=8,'Master Player List'!I62,"") -> 20 | C91: =IF('Master Player List'!L62=8,CONCATENATE('Master Player List'!C62," (",'Master Player List'!E62,")"),"") -> McDonald, David (6.2) | D91: =IF('Master Player List'!L62=8,CONCATENATE('Master Player List'!F62," (",'Master Player List'!H62,")"),"") -> Williams, Drew (13.8) | E91: 1000 | F91: Schnautz, David | H91: ="1st (" & (TEXT('Payout Calc'!$K$4, "0%")) & ")" -> 1st (50%) | I91: ='Payout Calc'!L57 -> 2810 | J91: McDonald, David | K91: =VLOOKUP(J91,'Master Player List'!$C$2:$N$82,12,0) -> Schnautz, David | M91: ="1st (" & (TEXT('Payout Calc'!$I$4, "0%")) & ")" -> 1st (50%) | N91: ='Payout Calc'!L67 -> 500 | P91: =VLOOKUP(O91,'Master Player List'!$C$2:$N$82,12,0) -> #N/A | Q91: Capone, Michael | R91: =VLOOKUP(Q91,'Master Player List'!$C$2:$N$82,12,0) -> Capone, Michael | T91: =VLOOKUP(S91,'Master Player List'!$C$2:$N$82,12,0) -> #N/A
A92: 5 | B92: =IF('Master Player List'!L63=8,'Master Player List'!I63,"") -> 20.2 | C92: =IF('Master Player List'!L63=8,CONCATENATE('Master Player List'!C63," (",'Master Player List'!E63,")"),"") -> Schedler, Chris (12.1) | D92: =IF('Master Player List'!L63=8,CONCATENATE('Master Player List'!F63," (",'Master Player List'!H63,")"),"") -> Barrs, Eric (8.1) | E92: 1300 | F92: Maples, Brent | H92: ="2nd (" & (TEXT('Payout Calc'!$K$5, "0%")) & ")" -> 2nd (30%) | I92: ='Payout Calc'!L58 -> 1685 | J92: Korndorffer, Blake | K92: =VLOOKUP(J92,'Master Player List'!$C$2:$N$82,12,0) -> Aghazadeh, Abdol | M92: ="2nd (" & (TEXT('Payout Calc'!$I$5, "0%")) & ")" -> 2nd (30%) | N92: ='Payout Calc'!L68 -> 300 | O92: Weaver, Brian | P92: =VLOOKUP(O92,'Master Player List'!$C$2:$N$82,12,0) -> Weaver, Brian | R92: =VLOOKUP(Q92,'Master Player List'!$C$2:$N$82,12,0) -> #N/A | T92: =VLOOKUP(S92,'Master Player List'!$C$2:$N$82,12,0) -> #N/A
A93: 6 | B93: =IF('Master Player List'!L64=8,'Master Player List'!I64,"") -> 20.5 | C93: =IF('Master Player List'!L64=8,CONCATENATE('Master Player List'!C64," (",'Master Player List'!E64,")"),"") -> Weaver, Brian (15.9) | D93: =IF('Master Player List'!L64=8,CONCATENATE('Master Player List'!F64," (",'Master Player List'!H64,")"),"") -> Kenney, Michael (4.6) | E93: 1000 | F93: Weaver, Brian | H93: ="3rd (" & (TEXT('Payout Calc'!$K$6, "0%")) & ")" -> 3rd (20%) | I93: ='Payout Calc'!L59 -> 1120 | J93: Capone, Michael | K93: =VLOOKUP(J93,'Master Player List'!$C$2:$N$82,12,0) -> Capone, Michael | M93: ="3rd (" & (TEXT('Payout Calc'!$I$6, "0%")) & ")" -> 3rd (20%) | N93: ='Payout Calc'!L69 -> 200 | P93: =VLOOKUP(O93,'Master Player List'!$C$2:$N$82,12,0) -> #N/A | R93: =VLOOKUP(Q93,'Master Player List'!$C$2:$N$82,12,0) -> #N/A | S93: Kandala, Ravi | T93: =VLOOKUP(S93,'Master Player List'!$C$2:$N$82,12,0) -> Kandala, Ravi
A94: 7 | B94: =IF('Master Player List'!L65=8,'Master Player List'!I65,"") -> 21.4 | C94: =IF('Master Player List'!L65=8,CONCATENATE('Master Player List'!C65," (",'Master Player List'!E65,")"),"") -> Capone, Michael (16.3) | D94: =IF('Master Player List'!L65=8,CONCATENATE('Master Player List'!F65," (",'Master Player List'!H65,")"),"") -> Simpson, Corey (5.1) | E94: 1100 | F94: Capone, Michael
A95: 8 | B95: =IF('Master Player List'!L66=8,'Master Player List'!I66,"") -> 22.3 | C95: =IF('Master Player List'!L66=8,CONCATENATE('Master Player List'!C66," (",'Master Player List'!E66,")"),"") -> Manganaro, Tony (8.8) | D95: =IF('Master Player List'!L66=8,CONCATENATE('Master Player List'!F66," (",'Master Player List'!H66,")"),"") -> Richgels, Kevin (13.5) | E95: 1700 | F95: Brymer, Cory
D96: Total | E96: =SUM(E88:E95) -> 9300
A97: Flight #9
A98: Team # | B98: Team HCP | C98: Member | D98: Guest | E98: Bid | F98: Member Owner
A99: 1 | B99: =IF('Master Player List'!L67=9,'Master Player List'!I67,"") -> 22.7 | C99: =IF('Master Player List'!L67=9,CONCATENATE('Master Player List'!C67," (",'Master Player List'!E67,")"),"") -> Cress, Pj (8.6) | D99: =IF('Master Player List'!L67=9,CONCATENATE('Master Player List'!F67," (",'Master Player List'!H67,")"),"") -> Rojas, Juan (14.1) | E99: 1000 | F99: Capone, Michael | H99: Flight #9 Total | I99: =SUM(E99:E106) -> 9300 | M99: Day Money
A100: 2 | B100: =IF('Master Player List'!L68=9,'Master Player List'!I68,"") -> 23 | C100: =IF('Master Player List'!L68=9,CONCATENATE('Master Player List'!C68," (",'Master Player List'!E68,")"),"") -> Bohnen, John (5.1) | D100: =IF('Master Player List'!L68=9,CONCATENATE('Master Player List'!F68," (",'Master Player List'!H68,")"),"") -> Cobb, Tony (17.9) | E100: 1300 | F100: Bohnen, John | H100: Flight Winners | O100: Thursday | Q100: Friday | S100: Saturday
A101: 3 | B101: =IF('Master Player List'!L69=9,'Master Player List'!I69,"") -> 23.7 | C101: =IF('Master Player List'!L69=9,CONCATENATE('Master Player List'!C69," (",'Master Player List'!E69,")"),"") -> Clements, Jake (13.4) | D101: =IF('Master Player List'!L69=9,CONCATENATE('Master Player List'!F69," (",'Master Player List'!H69,")"),"") -> Clements, Roy (10.3) | E101: 800 | F101: Vaughn, Earl | J101: Member | K101: Owner | O101: Member | P101: Owner | Q101: Member | R101: Owner | S101: Member | T101: Owner
A102: 4 | B102: =IF('Master Player List'!L70=9,'Master Player List'!I70,"") -> 23.9 | C102: =IF('Master Player List'!L70=9,CONCATENATE('Master Player List'!C70," (",'Master Player List'!E70,")"),"") -> Altamirano, Joe (15.6) | D102: =IF('Master Player List'!L70=9,CONCATENATE('Master Player List'!F70," (",'Master Player List'!H70,")"),"") -> Khanna, Ashish (8.3) | E102: 900 | F102: Altamirano, Joe | H102: ="1st (" & (TEXT('Payout Calc'!$K$4, "0%")) & ")" -> 1st (50%) | I102: ='Payout Calc'!P57 -> 2810 | J102: Kruchowsky, Tim | K102: =VLOOKUP(J102,'Master Player List'!$C$2:$N$82,12,0) -> Fulmer, Austen | M102: ="1st (" & (TEXT('Payout Calc'!$I$4, "0%")) & ")" -> 1st (50%) | N102: ='Payout Calc'!P67 -> 500 | O102: Bohnen, John | P102: =VLOOKUP(O102,'Master Player List'!$C$2:$N$82,12,0) -> Bohnen, John | Q102: Schnautz, David | R102: =VLOOKUP(Q102,'Master Player List'!$C$2:$N$82,12,0) -> Schnautz, David | S102: Altamirano, Joe | T102: =VLOOKUP(S102,'Master Player List'!$C$2:$N$82,12,0) -> Altamirano, Joe
A103: 5 | B103: =IF('Master Player List'!L71=9,'Master Player List'!I71,"") -> 24.1 | C103: =IF('Master Player List'!L71=9,CONCATENATE('Master Player List'!C71," (",'Master Player List'!E71,")"),"") -> Barney, Jorge (6.4) | D103: =IF('Master Player List'!L71=9,CONCATENATE('Master Player List'!F71," (",'Master Player List'!H71,")"),"") -> Barney, Robert (17.7) | E103: 1400 | F103: Edwards, Patric | H103: ="2nd (" & (TEXT('Payout Calc'!$K$5, "0%")) & ")" -> 2nd (30%) | I103: ='Payout Calc'!P58 -> 1685 | J103: Grantham, Mark | K103: =VLOOKUP(J103,'Master Player List'!$C$2:$N$82,12,0) -> Grantham, Mark | M103: ="2nd (" & (TEXT('Payout Calc'!$I$5, "0%")) & ")" -> 2nd (30%) | N103: ='Payout Calc'!P68 -> 300 | P103: =VLOOKUP(O103,'Master Player List'!$C$2:$N$82,12,0) -> #N/A | Q103: Altamirano, Joe | R103: =VLOOKUP(Q103,'Master Player List'!$C$2:$N$82,12,0) -> Altamirano, Joe | T103: =VLOOKUP(S103,'Master Player List'!$C$2:$N$82,12,0) -> #N/A
...

Sheet Team Sheet
B1: Member | C1: Guest
A2: # | B2: Player 1 hndcp | C2: Player 2 hndcp
B3: Jerry Conwell ACP 2.5 | C3: Ken Duemig
A4: 1
B5: Chris Cannatti ACP 3.6 | C5: Kevin Spradling
A6: 2
B7: Bret Darter 5/31 0.6 | C7: Kyle Flinn
A8: 3
B9: Aaron Gouldie 1/31 11.0 | C9: Adam Gouldie
A10: 4
B11: Tony Montaleone 4.6 | C11: Robert Lemon
A12: 5
B13: Juan Munoz 6.1 | C13: Bert Sanchez
A14: 6
B15: Brian Blumentrath ACP 3.5 | C15: Adam Gafken
A16: 7
B17: Valente Quintana ACP 5.9 | C17: Antonio Asali
A18: 8
B19: Kyle Krueger | C19: Christopher Graham
A20: 9
B21: Blake Korndorffer 0.8 | C21: Ryan Pavlu
A22: 10
B23: Tim Kellner 2.8 | C23: Michael Garcia
A24: 11
B25: Evan Ediger ACP | C25: Chris Berrean
A26: 12
B27: Mark Grantham | C27: Stuart Shaw
A28: 13
B29: Chris Toombs 1231 | C29: Dennis Toombs
A30: 14
B31: Tyler Nelson 5.2 | C31: Bob Nelson
A32: 15
B33: David Barrera 8.2 | C33: John Hennessy
A34: 16
B35: Kevin Richgels 4/30 | C35: Chad Brennan
A36: 17
B37: Matthew Herrick ACP 6.4 | C37: Scott Vidrine
A38: 18
B39: Ryan Gromfin 1.6 | C39: Jeremy Moreno
A40: 19
B41: Jeff Opland 10.4 | C41: Christopher Turner
A42: 20
B43: Carlos Gonzales 11.6 | C43: Jason Padilla
A44: 21
B45: Jeffrey Dietz 4/30 5.7 | C45: Lee Lane
A46: 22
B47: Vikas Godhania 11.2 | C47: Scott Mosqueda
A48: 23
B49: Steven Johnson 8.8 | C49: Nick Thaxson
A50: 24
B51: Thomas J Morton 9.1 | C51: Carson Hawley
A52: 25
B53: Neil Walters 14.6 | C53: Tom Ballard
A54: 26
B55: Timothy Nugent | C55: Peter Shock
A56: 27
B57: Robert Ballou 5.6 | C57: Tony Brodie
A58: 28
B59: David Schnautz 15.9 | C59: Kevin Pierson
A60: 29
B61: Brian Morris 3/31 1.7 | C61: Bryan Redmond
A62: 30
B63: Patrick Darby 1.2 | C63: Lance Allen
A64: 31
B65: Travis Clifton 14.1 | C65: Bryan Phillips
A66: 32
B67: Alex Tionloc 7.0 | C67: Anthony Tionloc
A68: 33
B69: Jake Newman | C69: Sharrod Delia
A70: 34
B71: Jason Lau 4.6 | C71: Joe Kester
A72: 35
B73: Garrett Smith 12.9 | C73: Sam Smith
A74: 36
B75: John Edwards ACP 8.4 | C75: Colin Stovall
A76: 37
B77: David McDonald 9.6 | C77: Drew Williams
A78: 38
B79: Michael Greaney 12.8 | C79: Jeff Lulashnyk
A80: 39
B81: Jarrod Byer 10.4 | C81: Matt Linder
A82: 40
B83: John Bohnen ACP 7.1 | C83: Tony Cobb
A84: 41
B85: Greg Duffey 1/31 15.0 | C85: Kelly O'Rourke
A86: 42
B87: Thomas Martens 7.4 | C87: Robert Brown
A88: 43
B89: Mike Ryan 13.6 | C89: Tim Kinsella
A90: 44
B91: Mark Buratto 2.5 | C91: Justin Ehlert
A92: 45
B93: Rafael Escobar ACP 3.8 | C93: Brandon Schulman
A94: 46
B95: Mike Harkins ACP 3.8 | C95: Sandy Perez
A96: 47
B97: Earl Vaughn ACP 3.1 | C97: Tomas Fernandez
A98: 48
B99: Aaron Burton 4.4 | C99: John Lyons
A100: 49
...

Sheet Master Player List
B2: Team # | C2: Member | D2: Course Handicap | E2: Handicap Formatted | F2: Guest | G2: Course Handicap | H2: Handicap Formatted | I2: Team Handicap | J2: Team Handicap Formatted | K2: Handicap Differential | L2: Flight | M2: Team # | N2: Member Owner
B3: 1 | C3: Brijalba, Rufus | D3: -3.1 | E3: =IF(((D3)<0),"+"&D3*(-1)&"",D3) -> +3.1 | F3: Peck, Colin | G3: -2.1 | H3: =IF(((G3)<0),"+"&G3*(-1)&"",G3) -> +2.1 | I3: =D3+G3 -> -5.2 | J3: =IF(((I3)<0),"+"&I3*(-1)&"",I3) -> +5.2 | K3: =ABS(D3-G3) -> 1 | L3: 1 | M3: 1 | N3: =IF(ISTEXT(C3), Calcutta!F11, "") -> Brijalba, Rufus
B4: 2 | C4: Paschke, Michael | D4: 3.6 | E4: =IF(((D4)<0),"+"&D4*(-1)&"",D4) -> 3.6 | F4: Montes, Daniel | G4: -4.3 | H4: =IF(((G4)<0),"+"&G4*(-1)&"",G4) -> +4.3 | I4: =D4+G4 -> -0.7 | J4: =IF(((I4)<0),"+"&I4*(-1)&"",I4) -> +0.7 | K4: =ABS(D4-G4) -> 7.9 | L4: 1 | M4: 2 | N4: =IF(ISTEXT(C4), Calcutta!F12, "") -> Edwards, Patric
B5: 3 | C5: Harwood, Michael | D5: -0.5 | E5: =IF(((D5)<0),"+"&D5*(-1)&"",D5) -> +0.5 | F5: Diaz, Gerry | G5: 0.6 | H5: =IF(((G5)<0),"+"&G5*(-1)&"",G5) -> 0.6 | I5: =D5+G5 -> 0.1 | J5: =IF(((I5)<(-1)),"+"&I5*(-1)&"",I5) -> 0.1 | K5: =ABS(D5-G5) -> 1.1 | L5: 1 | M5: 3 | N5: =IF(ISTEXT(C5), Calcutta!F13, "") -> Harwood, Michael | R5: Total Teams | T5: =COUNTA(C3:C82) -> 80
B6: 4 | C6: Lambert, Jeff | D6: 0.5 | E6: =IF(((D6)<0),"+"&D6*(-1)&"",D6) -> 0.5 | F6: White, Jason | G6: 1.3 | H6: =IF(((G6)<0),"+"&G6*(-1)&"",G6) -> 1.3 | I6: =D6+G6 -> 1.8 | J6: =IF((I6<0),"+"&I6*(-1)&"",I6) -> 1.8 | K6: =ABS(D6-G6) -> 0.8 | L6: 1 | M6: 4 | N6: =IF(ISTEXT(C6), Calcutta!F14, "") -> Aghazadeh, Abdol | R6: Teams per Flight (10 flights) | T6: =T5/10 -> 8
B7: 5 | C7: Kim, Steven | D7: 2.8 | E7: =IF(((D7)<0),"+"&D7*(-1)&"",D7) -> 2.8 | F7: Kerrigan, Mike | G7: 0.1 | H7: =IF(((G7)<0),"+"&G7*(-1)&"",G7) -> 0.1 | I7: =D7+G7 -> 2.9 | J7: =IF((I7<0),"+"&I7*(-1)&"",I7) -> 2.9 | K7: =ABS(D7-G7) -> 2.7 | L7: 1 | M7: 5 | N7: =IF(ISTEXT(C7), Calcutta!F15, "") -> Godhania, Vikas
B8: 6 | C8: Maples, Brent | D8: -0.7 | E8: =IF(((D8)<0),"+"&D8*(-1)&"",D8) -> +0.7 | F8: Buratto, Mark | G8: 4.5 | H8: =IF(((G8)<0),"+"&G8*(-1)&"",G8) -> 4.5 | I8: =D8+G8 -> 3.8 | J8: =IF((I8<0),"+"&I8*(-1)&"",I8) -> 3.8 | K8: =ABS(D8-G8) -> 5.2 | L8: 1 | M8: 6 | N8: =IF(ISTEXT(C8), Calcutta!F16, "") -> Maples, Brent
B9: 7 | C9: Darter, Bret | D9: 0.2 | E9: =IF(((D9)<0),"+"&D9*(-1)&"",D9) -> 0.2 | F9: Caldwell, Trey | G9: 3.9 | H9: =IF(((G9)<0),"+"&G9*(-1)&"",G9) -> 3.9 | I9: =D9+G9 -> 4.1 | J9: =IF((I9<0),"+"&I9*(-1)&"",I9) -> 4.1 | K9: =ABS(D9-G9) -> 3.7 | L9: 1 | M9: 7 | N9: =IF(ISTEXT(C9), Calcutta!F17, "") -> Darter, Bret
B10: 8 | C10: Black, Gene | D10: 3.1 | E10: =IF(((D10)<0),"+"&D10*(-1)&"",D10) -> 3.1 | F10: Tilson, Scott | G10: 1.4 | H10: =IF(((G10)<0),"+"&G10*(-1)&"",G10) -> 1.4 | I10: =D10+G10 -> 4.5 | J10: =IF((I10<0),"+"&I10*(-1)&"",I10) -> 4.5 | K10: =ABS(D10-G10) -> 1.7 | L10: 1 | M10: 8 | N10: =IF(ISTEXT(C10), Calcutta!F18, "") -> Vidrine, Scot
B11: 9 | C11: Lau, Jason | D11: 4.7 | E11: =IF(((D11)<0),"+"&D11*(-1)&"",D11) -> 4.7 | F11: Martin, Aaron | G11: -0.1 | H11: =IF(((G11)<0),"+"&G11*(-1)&"",G11) -> +0.1 | I11: =D11+G11 -> 4.6 | J11: =IF((I11<0),"+"&I11*(-1)&"",I11) -> 4.6 | K11: =ABS(D11-G11) -> 4.8 | L11: 2 | M11: 1 | N11: =IF(ISTEXT(C11), Calcutta!F22, "") -> Brymer, Cory
B12: 10 | C12: Peterson, Erik | D12: 0 | E12: =IF(((D12)<0),"+"&D12*(-1)&"",D12) -> 0 | F12: Ferrell, Ryan | G12: 5 | H12: =IF(((G12)<0),"+"&G12*(-1)&"",G12) -> 5 | I12: =D12+G12 -> 5 | J12: =IF((I12<0),"+"&I12*(-1)&"",I12) -> 5 | K12: =ABS(D12-G12) -> 5 | L12: 2 | M12: 2 | N12: =IF(ISTEXT(C12), Calcutta!F23, "") -> Aghazadeh, Abdol
B13: 11 | C13: Fulmer, Austen | D13: -3.4 | E13: =IF(((D13)<0),"+"&D13*(-1)&"",D13) -> +3.4 | F13: Pacheco, Jeremy | G13: 8.5 | H13: =IF(((G13)<0),"+"&G13*(-1)&"",G13) -> 8.5 | I13: =D13+G13 -> 5.1 | J13: =IF((I13<0),"+"&I13*(-1)&"",I13) -> 5.1 | K13: =ABS(D13-G13) -> 11.9 | L13: 2 | M13: 3 | N13: =IF(ISTEXT(C13), Calcutta!F24, "") -> Aghazadeh, Abdol
B14: 12 | C14: Escobar, Rafael | D14: 1.5 | E14: =IF(((D14)<0),"+"&D14*(-1)&"",D14) -> 1.5 | F14: Gillmor, Rob | G14: 4.5 | H14: =IF(((G14)<0),"+"&G14*(-1)&"",G14) -> 4.5 | I14: =D14+G14 -> 6 | J14: =IF((I14<0),"+"&I14*(-1)&"",I14) -> 6 | K14: =ABS(D14-G14) -> 3 | L14: 2 | M14: 4 | N14: =IF(ISTEXT(C14), Calcutta!F25, "") -> Bohnen, John
B15: 13 | C15: Bellomio, Ron | D15: 3.2 | E15: =IF(((D15)<0),"+"&D15*(-1)&"",D15) -> 3.2 | F15: Boles, John | G15: 2.9 | H15: =IF(((G15)<0),"+"&G15*(-1)&"",G15) -> 2.9 | I15: =D15+G15 -> 6.1 | J15: =IF((I15<0),"+"&I15*(-1)&"",I15) -> 6.1 | K15: =ABS(D15-G15) -> 0.3 | L15: 2 | M15: 5 | N15: =IF(ISTEXT(C15), Calcutta!F26, "") -> Bellomio, Ron
B16: 14 | C16: Vaughn, Earl | D16: 2.9 | E16: =IF(((D16)<0),"+"&D16*(-1)&"",D16) -> 2.9 | F16: Cowden, Cole | G16: 3.7 | H16: =IF(((G16)<0),"+"&G16*(-1)&"",G16) -> 3.7 | I16: =D16+G16 -> 6.6 | J16: =IF((I16<0),"+"&I16*(-1)&"",I16) -> 6.6 | K16: =ABS(D16-G16) -> 0.8 | L16: 2 | M16: 6 | N16: =IF(ISTEXT(C16), Calcutta!F27, "") -> Godhania, Vikas
B17: 15 | C17: Jain, Nitin | D17: 7.5 | E17: =IF(((D17)<0),"+"&D17*(-1)&"",D17) -> 7.5 | F17: Friggle, Scott | G17: 0 | H17: =IF(((G17)<0),"+"&G17*(-1)&"",G17) -> 0 | I17: =D17+G17 -> 7.5 | J17: =IF((I17<0),"+"&I17*(-1)&"",I17) -> 7.5 | K17: =ABS(D17-G17) -> 7.5 | L17: 2 | M17: 7 | N17: =IF(ISTEXT(C17), Calcutta!F28, "") -> Wedgeworth, Cliff
B18: 16 | C18: Purslow, Brock | D18: 0 | E18: =IF(((D18)<0),"+"&D18*(-1)&"",D18) -> 0 | F18: Thompson, Brad | G18: 7.6 | H18: =IF(((G18)<0),"+"&G18*(-1)&"",G18) -> 7.6 | I18: =D18+G18 -> 7.6 | J18: =IF((I18<0),"+"&I18*(-1)&"",I18) -> 7.6 | K18: =ABS(D18-G18) -> 7.6 | L18: 2 | M18: 8 | N18: =IF(ISTEXT(C18), Calcutta!F29, "") -> Drain, Zip
B19: 17 | C19: Esau, Nickolai | D19: -1 | E19: =IF(((D19)<0),"+"&D19*(-1)&"",D19) -> +1 | F19: Esau, Rex | G19: 9.8 | H19: =IF(((G19)<0),"+"&G19*(-1)&"",G19) -> 9.8 | I19: =D19+G19 -> 8.8 | J19: =IF((I19<0),"+"&I19*(-1)&"",I19) -> 8.8 | K19: =ABS(D19-G19) -> 10.8 | L19: 3 | M19: 1 | N19: =IF(ISTEXT(C19), Calcutta!F33, "") -> Bohnen, John
B20: 18 | C20: Scott, Jonathan | D20: 2.4 | E20: =IF(((D20)<0),"+"&D20*(-1)&"",D20) -> 2.4 | F20: McGowan, Marshall | G20: 6.6 | H20: =IF(((G20)<0),"+"&G20*(-1)&"",G20) -> 6.6 | I20: =D20+G20 -> 9 | J20: =IF((I20<0),"+"&I20*(-1)&"",I20) -> 9 | K20: =ABS(D20-G20) -> 4.2 | L20: 3 | M20: 2 | N20: =IF(ISTEXT(C20), Calcutta!F34, "") -> Scott, Jonathan
B21: 19 | C21: Hill, Justin | D21: 9.2 | E21: =IF(((D21)<0),"+"&D21*(-1)&"",D21) -> 9.2 | F21: Bobbitt, Jason | G21: -0.1 | H21: =IF(((G21)<0),"+"&G21*(-1)&"",G21) -> +0.1 | I21: =D21+G21 -> 9.1 | J21: =IF((I21<0),"+"&I21*(-1)&"",I21) -> 9.1 | K21: =ABS(D21-G21) -> 9.3 | L21: 3 | M21: 3 | N21: =IF(ISTEXT(C21), Calcutta!F35, "") -> Vidrine, Scot
B22: 20 | C22: Ramirez, David | D22: 3.5 | E22: =IF(((D22)<0),"+"&D22*(-1)&"",D22) -> 3.5 | F22: May, Jason | G22: 5.7 | H22: =IF(((G22)<0),"+"&G22*(-1)&"",G22) -> 5.7 | I22: =D22+G22 -> 9.2 | J22: =IF((I22<0),"+"&I22*(-1)&"",I22) -> 9.2 | K22: =ABS(D22-G22) -> 2.2 | L22: 3 | M22: 4 | N22: =IF(ISTEXT(C22), Calcutta!F36, "") -> Aghazadeh, Abdol
B23: 21 | C23: Kellner, Timothy | D23: 1.5 | E23: =IF(((D23)<0),"+"&D23*(-1)&"",D23) -> 1.5 | F23: Flinn, Kyle | G23: 8 | H23: =IF(((G23)<0),"+"&G23*(-1)&"",G23) -> 8 | I23: =D23+G23 -> 9.5 | J23: =IF((I23<0),"+"&I23*(-1)&"",I23) -> 9.5 | K23: =ABS(D23-G23) -> 6.5 | L23: 3 | M23: 5 | N23: =IF(ISTEXT(C23), Calcutta!F37, "") -> Vaughn, Earl
B24: 22 | C24: Kromis, Daniel | D24: 4.5 | E24: =IF(((D24)<0),"+"&D24*(-1)&"",D24) -> 4.5 | F24: Wilson, David | G24: 5.2 | H24: =IF(((G24)<0),"+"&G24*(-1)&"",G24) -> 5.2 | I24: =D24+G24 -> 9.7 | J24: =IF((I24<0),"+"&I24*(-1)&"",I24) -> 9.7 | K24: =ABS(D24-G24) -> 0.7 | L24: 3 | M24: 6 | N24: =IF(ISTEXT(C24), Calcutta!F38, "") -> Kromis, Daniel
B25: 23 | C25: Sherman, Michael | D25: 7.5 | E25: =IF(((D25)<0),"+"&D25*(-1)&"",D25) -> 7.5 | F25: Elvers, Nate | G25: 2.8 | H25: =IF(((G25)<0),"+"&G25*(-1)&"",G25) -> 2.8 | I25: =D25+G25 -> 10.3 | J25: =IF((I25<0),"+"&I25*(-1)&"",I25) -> 10.3 | K25: =ABS(D25-G25) -> 4.7 | L25: 3 | M25: 7 | N25: =IF(ISTEXT(C25), Calcutta!F39, "") -> Brymer, Cory
B26: 24 | C26: Jones, Jason | D26: 4.9 | E26: =IF(((D26)<0),"+"&D26*(-1)&"",D26) -> 4.9 | F26: Qualls, Michael | G26: 5.4 | H26: =IF(((G26)<0),"+"&G26*(-1)&"",G26) -> 5.4 | I26: =D26+G26 -> 10.3 | J26: =IF((I26<0),"+"&I26*(-1)&"",I26) -> 10.3 | K26: =ABS(D26-G26) -> 0.5 | L26: 3 | M26: 8 | N26: =IF(ISTEXT(C26), Calcutta!F40, "") -> Fulmer, Austen
B27: 25 | C27: Brymer, Cory | D27: 4.4 | E27: =IF(((D27)<0),"+"&D27*(-1)&"",D27) -> 4.4 | F27: Manas, Shane | G27: 6 | H27: =IF(((G27)<0),"+"&G27*(-1)&"",G27) -> 6 | I27: =D27+G27 -> 10.4 | J27: =IF((I27<0),"+"&I27*(-1)&"",I27) -> 10.4 | K27: =ABS(D27-G27) -> 1.6 | L27: 4 | M27: 1 | N27: =IF(ISTEXT(C27), Calcutta!F44, "") -> Jones, Jason
B28: 26 | C28: Ledet, Jim | D28: 4.6 | E28: =IF(((D28)<0),"+"&D28*(-1)&"",D28) -> 4.6 | F28: Doucet, Jamie | G28: 5.8 | H28: =IF(((G28)<0),"+"&G28*(-1)&"",G28) -> 5.8 | I28: =D28+G28 -> 10.4 | J28: =IF((I28<0),"+"&I28*(-1)&"",I28) -> 10.4 | K28: =ABS(D28-G28) -> 1.2 | L28: 4 | M28: 2 | N28: =IF(ISTEXT(C28), Calcutta!F45, "") -> Aghazadeh, Abdol
B29: 27 | C29: Nugent, Tim | D29: 6.9 | E29: =IF(((D29)<0),"+"&D29*(-1)&"",D29) -> 6.9 | F29: Williams, Jeff | G29: 3.7 | H29: =IF(((G29)<0),"+"&G29*(-1)&"",G29) -> 3.7 | I29: =D29+G29 -> 10.6 | J29: =IF((I29<0),"+"&I29*(-1)&"",I29) -> 10.6 | K29: =ABS(D29-G29) -> 3.2 | L29: 4 | M29: 3 | N29: =IF(ISTEXT(C29), Calcutta!F46, "") -> Vaughn, Earl
B30: 28 | C30: Dietz, Jeffrey | D30: 5.2 | E30: =IF(((D30)<0),"+"&D30*(-1)&"",D30) -> 5.2 | F30: Morris, Brian | G30: 5.6 | H30: =IF(((G30)<0),"+"&G30*(-1)&"",G30) -> 5.6 | I30: =D30+G30 -> 10.8 | J30: =IF((I30<0),"+"&I30*(-1)&"",I30) -> 10.8 | K30: =ABS(D30-G30) -> 0.4 | L30: 4 | M30: 4 | N30: =IF(ISTEXT(C30), Calcutta!F47, "") -> Aghazadeh, Abdol
B31: 29 | C31: Tionloc, Alex | D31: 6 | E31: =IF(((D31)<0),"+"&D31*(-1)&"",D31) -> 6 | F31: Hicks, Clay | G31: 5 | H31: =IF(((G31)<0),"+"&G31*(-1)&"",G31) -> 5 | I31: =D31+G31 -> 11 | J31: =IF((I31<0),"+"&I31*(-1)&"",I31) -> 11 | K31: =ABS(D31-G31) -> 1 | L31: 4 | M31: 5 | N31: =IF(ISTEXT(C31), Calcutta!F48, "") -> Vidrine, Scot
B32: 30 | C32: Redding, Scott | D32: 5.8 | E32: =IF(((D32)<0),"+"&D32*(-1)&"",D32) -> 5.8 | F32: Redding, David | G32: 6 | H32: =IF(((G32)<0),"+"&G32*(-1)&"",G32) -> 6 | I32: =D32+G32 -> 11.8 | J32: =IF((I32<0),"+"&I32*(-1)&"",I32) -> 11.8 | K32: =ABS(D32-G32) -> 0.2 | L32: 4 | M32: 6 | N32: =IF(ISTEXT(C32), Calcutta!F49, "") -> Vaughn, Earl
B33: 31 | C33: Waclawsky, Paul | D33: 3.7 | E33: =IF(((D33)<0),"+"&D33*(-1)&"",D33) -> 3.7 | F33: Anderson, John | G33: 8.3 | H33: =IF(((G33)<0),"+"&G33*(-1)&"",G33) -> 8.3 | I33: =D33+G33 -> 12 | J33: =IF((I33<0),"+"&I33*(-1)&"",I33) -> 12 | K33: =ABS(D33-G33) -> 4.6 | L33: 4 | M33: 7 | N33: =IF(ISTEXT(C33), Calcutta!F50, "") -> Aghazadeh, Abdol
B34: 32 | C34: Erickson, Nick | D34: -0.1 | E34: =IF(((D34)<0),"+"&D34*(-1)&"",D34) -> +0.1 | F34: Erickson, Michael | G34: 12.4 | H34: =IF(((G34)<0),"+"&G34*(-1)&"",G34) -> 12.4 | I34: =D34+G34 -> 12.3 | J34: =IF((I34<0),"+"&I34*(-1)&"",I34) -> 12.3 | K34: =ABS(D34-G34) -> 12.5 | L34: 4 | M34: 8 | N34: =IF(ISTEXT(C34), Calcutta!F51, "") -> Cress, Pj
B35: 33 | C35: Scott, Paul | D35: 11 | E35: =IF(((D35)<0),"+"&D35*(-1)&"",D35) -> 11 | F35: Stopnik, Sean | G35: 1.5 | H35: =IF(((G35)<0),"+"&G35*(-1)&"",G35) -> 1.5 | I35: =D35+G35 -> 12.5 | J35: =IF((I35<0),"+"&I35*(-1)&"",I35) -> 12.5 | K35: =ABS(D35-G35) -> 9.5 | L35: 5 | M35: 1 | N35: =IF(ISTEXT(C35), Calcutta!F55, "") -> Schnautz, David
B36: 34 | C36: Marusco, Austin | D36: 9.1 | E36: =IF(((D36)<0),"+"&D36*(-1)&"",D36) -> 9.1 | F36: Joyce, Brendan | G36: 3.7 | H36: =IF(((G36)<0),"+"&G36*(-1)&"",G36) -> 3.7 | I36: =D36+G36 -> 12.8 | J36: =IF((I36<0),"+"&I36*(-1)&"",I36) -> 12.8 | K36: =ABS(D36-G36) -> 5.4 | L36: 5 | M36: 2 | N36: =IF(ISTEXT(C36), Calcutta!F56, "") -> Parent, Brian
B37: 35 | C37: Butler, Gregory | D37: 7.1 | E37: =IF(((D37)<0),"+"&D37*(-1)&"",D37) -> 7.1 | F37: Butler, Jonathan | G37: 5.8 | H37: =IF(((G37)<0),"+"&G37*(-1)&"",G37) -> 5.8 | I37: =D37+G37 -> 12.9 | J37: =IF((I37<0),"+"&I37*(-1)&"",I37) -> 12.9 | K37: =ABS(D37-G37) -> 1.3 | L37: 5 | M37: 3 | N37: =IF(ISTEXT(C37), Calcutta!F57, "") -> Capone, Michael
B38: 36 | C38: Drain, Zip | D38: 8 | E38: =IF(((D38)<0),"+"&D38*(-1)&"",D38) -> 8 | F38: Lange, Mark | G38: 5.2 | H38: =IF(((G38)<0),"+"&G38*(-1)&"",G38) -> 5.2 | I38: =D38+G38 -> 13.2 | J38: =IF((I38<0),"+"&I38*(-1)&"",I38) -> 13.2 | K38: =ABS(D38-G38) -> 2.8 | L38: 5 | M38: 4 | N38: =IF(ISTEXT(C38), Calcutta!F58, "") -> Butler, Gregory
B39: 37 | C39: Turner, Trevor | D39: 4 | E39: =IF(((D39)<0),"+"&D39*(-1)&"",D39) -> 4 | F39: Sherman, John | G39: 9.3 | H39: =IF(((G39)<0),"+"&G39*(-1)&"",G39) -> 9.3 | I39: =D39+G39 -> 13.3 | J39: =IF((I39<0),"+"&I39*(-1)&"",I39) -> 13.3 | K39: =ABS(D39-G39) -> 5.3 | L39: 5 | M39: 5 | N39: =IF(ISTEXT(C39), Calcutta!F59, "") -> Fulmer, Austen
B40: 38 | C40: Spisak, Brian | D40: 6.9 | E40: =IF(((D40)<0),"+"&D40*(-1)&"",D40) -> 6.9 | F40: Haarberg, Casey | G40: 6.6 | H40: =IF(((G40)<0),"+"&G40*(-1)&"",G40) -> 6.6 | I40: =D40+G40 -> 13.5 | J40: =IF((I40<0),"+"&I40*(-1)&"",I40) -> 13.5 | K40: =ABS(D40-G40) -> 0.3 | L40: 5 | M40: 6 | N40: =IF(ISTEXT(C40), Calcutta!F60, "") -> Spisak, Brian
B41: 39 | C41: Munoz, Juan | D41: 7.4 | E41: =IF(((D41)<0),"+"&D41*(-1)&"",D41) -> 7.4 | F41: Sanchez, Bert | G41: 6.3 | H41: =IF(((G41)<0),"+"&G41*(-1)&"",G41) -> 6.3 | I41: =D41+G41 -> 13.7 | J41: =IF((I41<0),"+"&I41*(-1)&"",I41) -> 13.7 | K41: =ABS(D41-G41) -> 1.1 | L41: 5 | M41: 7 | N41: =IF(ISTEXT(C41), Calcutta!F61, "") -> Aghazadeh, Abdol
B42: 40 | C42: Samsel, Steve | D42: 2.7 | E42: =IF(((D42)<0),"+"&D42*(-1)&"",D42) -> 2.7 | F42: Whiston, Patrick | G42: 12.5 | H42: =IF(((G42)<0),"+"&G42*(-1)&"",G42) -> 12.5 | I42: =D42+G42 -> 15.2 | J42: =IF((I42<0),"+"&I42*(-1)&"",I42) -> 15.2 | K42: =ABS(D42-G42) -> 9.8 | L42: 5 | M42: 8 | N42: =IF(ISTEXT(C42), Calcutta!F62, "") -> Samsel, Steve
B43: 41 | C43: French, Arthur | D43: 10.4 | E43: =IF(((D43)<0),"+"&D43*(-1)&"",D43) -> 10.4 | F43: Reese, Brian | G43: 4.8 | H43: =IF(((G43)<0),"+"&G43*(-1)&"",G43) -> 4.8 | I43: =D43+G43 -> 15.2 | J43: =IF((I43<0),"+"&I43*(-1)&"",I43) -> 15.2 | K43: =ABS(D43-G43) -> 5.6 | L43: 6 | M43: 1 | N43: =IF(ISTEXT(C43), Calcutta!F66, "") -> French, Arthur
B44: 42 | C44: Aghazadeh, Abdol | D44: 5.3 | E44: =IF(((D44)<0),"+"&D44*(-1)&"",D44) -> 5.3 | F44: Khorzad, Kaveh | G44: 10.2 | H44: =IF(((G44)<0),"+"&G44*(-1)&"",G44) -> 10.2 | I44: =D44+G44 -> 15.5 | J44: =IF((I44<0),"+"&I44*(-1)&"",I44) -> 15.5 | K44: =ABS(D44-G44) -> 4.9 | L44: 6 | M44: 2 | N44: =IF(ISTEXT(C44), Calcutta!F67, "") -> Brymer, Cory
B45: 43 | C45: Burton, Aaron | D45: 5.7 | E45: =IF(((D45)<0),"+"&D45*(-1)&"",D45) -> 5.7 | F45: Krueger, Kyle | G45: 10.1 | H45: =IF(((G45)<0),"+"&G45*(-1)&"",G45) -> 10.1 | I45: =D45+G45 -> 15.8 | J45: =IF((I45<0),"+"&I45*(-1)&"",I45) -> 15.8 | K45: =ABS(D45-G45) -> 4.4 | L45: 6 | M45: 3 | N45: =IF(ISTEXT(C45), Calcutta!F68, "") -> Vaughn, Earl
B46: 44 | C46: Crutcher, Ian | D46: 3.5 | E46: =IF(((D46)<0),"+"&D46*(-1)&"",D46) -> 3.5 | F46: Crutcher, Jonathan | G46: 12.4 | H46: =IF(((G46)<0),"+"&G46*(-1)&"",G46) -> 12.4 | I46: =D46+G46 -> 15.9 | J46: =IF((I46<0),"+"&I46*(-1)&"",I46) -> 15.9 | K46: =ABS(D46-G46) -> 8.9 | L46: 6 | M46: 4 | N46: =IF(ISTEXT(C46), Calcutta!F69, "") -> Crutcher, Ian
B47: 45 | C47: Shulman, Brandon | D47: 10.1 | E47: =IF(((D47)<0),"+"&D47*(-1)&"",D47) -> 10.1 | F47: Schietinger, John | G47: 5.9 | H47: =IF(((G47)<0),"+"&G47*(-1)&"",G47) -> 5.9 | I47: =D47+G47 -> 16 | J47: =IF((I47<0),"+"&I47*(-1)&"",I47) -> 16 | K47: =ABS(D47-G47) -> 4.2 | L47: 6 | M47: 5 | N47: =IF(ISTEXT(C47), Calcutta!F70, "") -> Grantham, Mark
B48: 46 | C48: Sawyer, Ryan | D48: 7.5 | E48: =IF(((D48)<0),"+"&D48*(-1)&"",D48) -> 7.5 | F48: Resnick, Dan | G48: 8.5 | H48: =IF(((G48)<0),"+"&G48*(-1)&"",G48) -> 8.5 | I48: =D48+G48 -> 16 | J48: =IF((I48<0),"+"&I48*(-1)&"",I48) -> 16 | K48: =ABS(D48-G48) -> 1 | L48: 6 | M48: 6 | N48: =IF(ISTEXT(C48), Calcutta!F71, "") -> Fulmer, Austen
B49: 47 | C49: O'Farrell, Patrick | D49: 2.3 | E49: =IF(((D49)<0),"+"&D49*(-1)&"",D49) -> 2.3 | F49: Elder, Forrest | G49: 14.3 | H49: =IF(((G49)<0),"+"&G49*(-1)&"",G49) -> 14.3 | I49: =D49+G49 -> 16.6 | J49: =IF((I49<0),"+"&I49*(-1)&"",I49) -> 16.6 | K49: =ABS(D49-G49) -> 12 | L49: 6 | M49: 7 | N49: =IF(ISTEXT(C49), Calcutta!F72, "") -> Drain, Zip
B50: 48 | C50: Vidrine, Scot | D50: 5.5 | E50: =IF(((D50)<0),"+"&D50*(-1)&"",D50) -> 5.5 | F50: Nicholson, Scott | G50: 11.2 | H50: =IF(((G50)<0),"+"&G50*(-1)&"",G50) -> 11.2 | I50: =D50+G50 -> 16.7 | J50: =IF((I50<0),"+"&I50*(-1)&"",I50) -> 16.7 | K50: =ABS(D50-G50) -> 5.7 | L50: 6 | M50: 8 | N50: =IF(ISTEXT(C50), Calcutta!F73, "") -> Lau, Jason
B51: 49 | C51: Rzepniewski, Jason | D51: 7.2 | E51: =IF(((D51)<0),"+"&D51*(-1)&"",D51) -> 7.2 | F51: VanNoller, John | G51: 9.9 | H51: =IF(((G51)<0),"+"&G51*(-1)&"",G51) -> 9.9 | I51: =D51+G51 -> 17.1 | J51: =IF((I51<0),"+"&I51*(-1)&"",I51) -> 17.1 | K51: =ABS(D51-G51) -> 2.7 | L51: 7 | M51: 1 | N51: =IF(ISTEXT(C51), Calcutta!F77, "") -> Rzepniewski, Jason
B52: 50 | C52: Patel, Bhav | D52: 8 | E52: =IF(((D52)<0),"+"&D52*(-1)&"",D52) -> 8 | F52: Ballou, Bob | G52: 9.1 | H52: =IF(((G52)<0),"+"&G52*(-1)&"",G52) -> 9.1 | I52: =D52+G52 -> 17.1 | J52: =IF((I52<0),"+"&I52*(-1)&"",I52) -> 17.1 | K52: =ABS(D52-G52) -> 1.1 | L52: 7 | M52: 2 | N52: =IF(ISTEXT(C52), Calcutta!F78, "") -> Wedgeworth, Cliff
B53: 51 | C53: Ryan, Mike | D53: 10.1 | E53: =IF(((D53)<0),"+"&D53*(-1)&"",D53) -> 10.1 | F53: Enberg, Erik | G53: 7.3 | H53: =IF(((G53)<0),"+"&G53*(-1)&"",G53) -> 7.3 | I53: =D53+G53 -> 17.4 | J53: =IF((I53<0),"+"&I53*(-1)&"",I53) -> 17.4 | K53: =ABS(D53-G53) -> 2.8 | L53: 7 | M53: 3 | N53: =IF(ISTEXT(C53), Calcutta!F79, "") -> Grantham, Mark
B54: 52 | C54: Toombs, Chris | D54: 8.4 | E54: =IF(((D54)<0),"+"&D54*(-1)&"",D54) -> 8.4 | F54: March, James | G54: 9 | H54: =IF(((G54)<0),"+"&G54*(-1)&"",G54) -> 9 | I54: =D54+G54 -> 17.4 | J54: =IF((I54<0),"+"&I54*(-1)&"",I54) -> 17.4 | K54: =ABS(D54-G54) -> 0.6 | L54: 7 | M54: 4 | N54: =IF(ISTEXT(C54), Calcutta!F80, "") -> Parent, Brian
B55: 53 | C55: Conwell, Jerry | D55: 3.4 | E55: =IF(((D55)<0),"+"&D55*(-1)&"",D55) -> 3.4 | F55: Kendrick, Collin | G55: 14.1 | H55: =IF(((G55)<0),"+"&G55*(-1)&"",G55) -> 14.1 | I55: =D55+G55 -> 17.5 | J55: =IF((I55<0),"+"&I55*(-1)&"",I55) -> 17.5 | K55: =ABS(D55-G55) -> 10.7 | L55: 7 | M55: 5 | N55: =IF(ISTEXT(C55), Calcutta!F81, "") -> Schnautz, David
B56: 54 | C56: Oster, Neil | D56: 6.9 | E56: =IF(((D56)<0),"+"&D56*(-1)&"",D56) -> 6.9 | F56: Clark, Andrew | G56: 11.2 | H56: =IF(((G56)<0),"+"&G56*(-1)&"",G56) -> 11.2 | I56: =D56+G56 -> 18.1 | J56: =IF((I56<0),"+"&I56*(-1)&"",I56) -> 18.1 | K56: =ABS(D56-G56) -> 4.3 | L56: 7 | M56: 6 | N56: =IF(ISTEXT(C56), Calcutta!F82, "") -> Aghazadeh, Abdol
B57: 55 | C57: Godhania, Vikas | D57: 9.4 | E57: =IF(((D57)<0),"+"&D57*(-1)&"",D57) -> 9.4 | F57: Mosqueda, Scott | G57: 8.7 | H57: =IF(((G57)<0),"+"&G57*(-1)&"",G57) -> 8.7 | I57: =D57+G57 -> 18.1 | J57: =IF((I57<0),"+"&I57*(-1)&"",I57) -> 18.1 | K57: =ABS(D57-G57) -> 0.7 | L57: 7 | M57: 7 | N57: =IF(ISTEXT(C57), Calcutta!F83, "") -> Edwards, Patric
B58: 56 | C58: Edwards, Patric | D58: 8.8 | E58: =IF(((D58)<0),"+"&D58*(-1)&"",D58) -> 8.8 | F58: Lorts, Anthony | G58: 9.6 | H58: =IF(((G58)<0),"+"&G58*(-1)&"",G58) -> 9.6 | I58: =D58+G58 -> 18.4 | J58: =IF((I58<0),"+"&I58*(-1)&"",I58) -> 18.4 | K58: =ABS(D58-G58) -> 0.8 | L58: 7 | M58: 8 | N58: =IF(ISTEXT(C58), Calcutta!F84, "") -> Edwards, Patric
B59: 57 | C59: Jackson, Eric | D59: 9.8 | E59: =IF(((D59)<0),"+"&D59*(-1)&"",D59) -> 9.8 | F59: Jackson, Paul | G59: 9 | H59: =IF(((G59)<0),"+"&G59*(-1)&"",G59) -> 9 | I59: =D59+G59 -> 18.8 | J59: =IF((I59<0),"+"&I59*(-1)&"",I59) -> 18.8 | K59: =ABS(D59-G59) -> 0.8 | L59: 8 | M59: 1 | N59: =IF(ISTEXT(C59), Calcutta!F88, "") -> Aghazadeh, Abdol
B60: 58 | C60: Kandala, Ravi | D60: 6.2 | E60: =IF(((D60)<0),"+"&D60*(-1)&"",D60) -> 6.2 | F60: Reddy, Shireesh | G60: 13 | H60: =IF(((G60)<0),"+"&G60*(-1)&"",G60) -> 13 | I60: =D60+G60 -> 19.2 | J60: =IF((I60<0),"+"&I60*(-1)&"",I60) -> 19.2 | K60: =ABS(D60-G60) -> 6.8 | L60: 8 | M60: 2 | N60: =IF(ISTEXT(C60), Calcutta!F89, "") -> Kandala, Ravi
B61: 59 | C61: Korndorffer, Blake | D61: 2.6 | E61: =IF(((D61)<0),"+"&D61*(-1)&"",D61) -> 2.6 | F61: Korndorffer, Brad | G61: 17 | H61: =IF(((G61)<0),"+"&G61*(-1)&"",G61) -> 17 | I61: =D61+G61 -> 19.6 | J61: =IF((I61<0),"+"&I61*(-1)&"",I61) -> 19.6 | K61: =ABS(D61-G61) -> 14.4 | L61: 8 | M61: 3 | N61: =IF(ISTEXT(C61), Calcutta!F90, "") -> Aghazadeh, Abdol
B62: 60 | C62: McDonald, David | D62: 6.2 | E62: =IF(((D62)<0),"+"&D62*(-1)&"",D62) -> 6.2 | F62: Williams, Drew | G62: 13.8 | H62: =IF(((G62)<0),"+"&G62*(-1)&"",G62) -> 13.8 | I62: =D62+G62 -> 20 | J62: =IF((I62<0),"+"&I62*(-1)&"",I62) -> 20 | K62: =ABS(D62-G62) -> 7.6 | L62: 8 | M62: 4 | N62: =IF(ISTEXT(C62), Calcutta!F91, "") -> Schnautz, David
B63: 61 | C63: Schedler, Chris | D63: 12.1 | E63: =IF(((D63)<0),"+"&D63*(-1)&"",D63) -> 12.1 | F63: Barrs, Eric | G63: 8.1 | H63: =IF(((G63)<0),"+"&G63*(-1)&"",G63) -> 8.1 | I63: =D63+G63 -> 20.2 | J63: =IF((I63<0),"+"&I63*(-1)&"",I63) -> 20.2 | K63: =ABS(D63-G63) -> 4 | L63: 8 | M63: 5 | N63: =IF(ISTEXT(C63), Calcutta!F92, "") -> Maples, Brent
B64: 62 | C64: Weaver, Brian | D64: 15.9 | E64: =IF(((D64)<0),"+"&D64*(-1)&"",D64) -> 15.9 | F64: Kenney, Michael | G64: 4.6 | H64: =IF(((G64)<0),"+"&G64*(-1)&"",G64) -> 4.6 | I64: =D64+G64 -> 20.5 | J64: =IF((I64<0),"+"&I64*(-1)&"",I64) -> 20.5 | K64: =ABS(D64-G64) -> 11.3 | L64: 8 | M64: 6 | N64: =IF(ISTEXT(C64), Calcutta!F93, "") -> Weaver, Brian
B65: 63 | C65: Capone, Michael | D65: 16.3 | E65: =IF(((D65)<0),"+"&D65*(-1)&"",D65) -> 16.3 | F65: Simpson, Corey | G65: 5.1 | H65: =IF(((G65)<0),"+"&G65*(-1)&"",G65) -> 5.1 | I65: =D65+G65 -> 21.4 | J65: =IF((I65<0),"+"&I65*(-1)&"",I65) -> 21.4 | K65: =ABS(D65-G65) -> 11.2 | L65: 8 | M65: 7 | N65: =IF(ISTEXT(C65), Calcutta!F94, "") -> Capone, Michael
B66: 64 | C66: Manganaro, Tony | D66: 8.8 | E66: =IF(((D66)<0),"+"&D66*(-1)&"",D66) -> 8.8 | F66: Richgels, Kevin | G66: 13.5 | H66: =IF(((G66)<0),"+"&G66*(-1)&"",G66) -> 13.5 | I66: =D66+G66 -> 22.3 | J66: =IF((I66<0),"+"&I66*(-1)&"",I66) -> 22.3 | K66: =ABS(D66-G66) -> 4.7 | L66: 8 | M66: 8 | N66: =IF(ISTEXT(C66), Calcutta!F95, "") -> Brymer, Cory
B67: 65 | C67: Cress, Pj | D67: 8.6 | E67: =IF(((D67)<0),"+"&D67*(-1)&"",D67) -> 8.6 | F67: Rojas, Juan | G67: 14.1 | H67: =IF(((G67)<0),"+"&G67*(-1)&"",G67) -> 14.1 | I67: =D67+G67 -> 22.7 | J67: =IF((I67<0),"+"&I67*(-1)&"",I67) -> 22.7 | K67: =ABS(D67-G67) -> 5.5 | L67: 9 | M67: 1 | N67: =IF(ISTEXT(C67), Calcutta!F99, "") -> Capone, Michael
B68: 66 | C68: Bohnen, John | D68: 5.1 | E68: =IF(((D68)<0),"+"&D68*(-1)&"",D68) -> 5.1 | F68: Cobb, Tony | G68: 17.9 | H68: =IF(((G68)<0),"+"&G68*(-1)&"",G68) -> 17.9 | I68: =D68+G68 -> 23 | J68: =IF((I68<0),"+"&I68*(-1)&"",I68) -> 23 | K68: =ABS(D68-G68) -> 12.8 | L68: 9 | M68: 2 | N68: =IF(ISTEXT(C68), Calcutta!F100, "") -> Bohnen, John
B69: 67 | C69: Clements, Jake | D69: 13.4 | E69: =IF(((D69)<0),"+"&D69*(-1)&"",D69) -> 13.4 | F69: Clements, Roy | G69: 10.3 | H69: =IF(((G69)<0),"+"&G69*(-1)&"",G69) -> 10.3 | I69: =D69+G69 -> 23.7 | J69: =IF((I69<0),"+"&I69*(-1)&"",I69) -> 23.7 | K69: =ABS(D69-G69) -> 3.1 | L69: 9 | M69: 3 | N69: =IF(ISTEXT(C69), Calcutta!F101, "") -> Vaughn, Earl
B70: 68 | C70: Altamirano, Joe | D70: 15.6 | E70: =IF(((D70)<0),"+"&D70*(-1)&"",D70) -> 15.6 | F70: Khanna, Ashish | G70: 8.3 | H70: =IF(((G70)<0),"+"&G70*(-1)&"",G70) -> 8.3 | I70: =D70+G70 -> 23.9 | J70: =IF((I70<0),"+"&I70*(-1)&"",I70) -> 23.9 | K70: =ABS(D70-G70) -> 7.3 | L70: 9 | M70: 4 | N70: =IF(ISTEXT(C70), Calcutta!F102, "") -> Altamirano, Joe
B71: 69 | C71: Barney, Jorge | D71: 6.4 | E71: =IF(((D71)<0),"+"&D71*(-1)&"",D71) -> 6.4 | F71: Barney, Robert | G71: 17.7 | H71: =IF(((G71)<0),"+"&G71*(-1)&"",G71) -> 17.7 | I71: =D71+G71 -> 24.1 | J71: =IF((I71<0),"+"&I71*(-1)&"",I71) -> 24.1 | K71: =ABS(D71-G71) -> 11.3 | L71: 9 | M71: 5 | N71: =IF(ISTEXT(C71), Calcutta!F103, "") -> Edwards, Patric
B72: 70 | C72: Schnautz, David | D72: 17.7 | E72: =IF(((D72)<0),"+"&D72*(-1)&"",D72) -> 17.7 | F72: Pierson, Kevin | G72: 6.4 | H72: =IF(((G72)<0),"+"&G72*(-1)&"",G72) -> 6.4 | I72: =D72+G72 -> 24.1 | J72: =IF((I72<0),"+"&I72*(-1)&"",I72) -> 24.1 | K72: =ABS(D72-G72) -> 11.3 | L72: 9 | M72: 6 | N72: =IF(ISTEXT(C72), Calcutta!F104, "") -> Schnautz, David
B73: 71 | C73: Grantham, Mark | D73: 13 | E73: =IF(((D73)<0),"+"&D73*(-1)&"",D73) -> 13 | F73: Shaw, Stuart | G73: 12.5 | H73: =IF(((G73)<0),"+"&G73*(-1)&"",G73) -> 12.5 | I73: =D73+G73 -> 25.5 | J73: =IF((I73<0),"+"&I73*(-1)&"",I73) -> 25.5 | K73: =ABS(D73-G73) -> 0.5 | L73: 9 | M73: 7 | N73: =IF(ISTEXT(C73), Calcutta!F105, "") -> Grantham, Mark
B74: 72 | C74: Kruchowsky, Tim | D74: 12.4 | E74: =IF(((D74)<0),"+"&D74*(-1)&"",D74) -> 12.4 | F74: Mathers, Jb | G74: 14.8 | H74: =IF(((G74)<0),"+"&G74*(-1)&"",G74) -> 14.8 | I74: =D74+G74 -> 27.2 | J74: =IF((I74<0),"+"&I74*(-1)&"",I74) -> 27.2 | K74: =ABS(D74-G74) -> 2.4 | L74: 9 | M74: 8 | N74: =IF(ISTEXT(C74), Calcutta!F106, "") -> Fulmer, Austen
B75: 73 | C75: Deangelis, Adam | D75: 10 | E75: =IF(((D75)<0),"+"&D75*(-1)&"",D75) -> 10 | F75: Carter, William | G75: 17.7 | H75: =IF(((G75)<0),"+"&G75*(-1)&"",G75) -> 17.7 | I75: =D75+G75 -> 27.7 | J75: =IF((I75<0),"+"&I75*(-1)&"",I75) -> 27.7 | K75: =ABS(D75-G75) -> 7.7 | L75: 10 | M75: 1 | N75: =IF(ISTEXT(C75), Calcutta!F110, "") -> Vaughn, Earl
B76: 74 | C76: Walters, Neil | D76: 12 | E76: =IF(((D76)<0),"+"&D76*(-1)&"",D76) -> 12 | F76: Ballard, Tom | G76: 17.3 | H76: =IF(((G76)<0),"+"&G76*(-1)&"",G76) -> 17.3 | I76: =D76+G76 -> 29.3 | J76: =IF((I76<0),"+"&I76*(-1)&"",I76) -> 29.3 | K76: =ABS(D76-G76) -> 5.3 | L76: 10 | M76: 2 | N76: =IF(ISTEXT(C76), Calcutta!F111, "") -> Grantham, Mark
B77: 75 | C77: Wedgeworth, Cliff | D77: 15.9 | E77: =IF(((D77)<0),"+"&D77*(-1)&"",D77) -> 15.9 | F77: Halbert, Trey | G77: 14.2 | H77: =IF(((G77)<0),"+"&G77*(-1)&"",G77) -> 14.2 | I77: =D77+G77 -> 30.1 | J77: =IF((I77<0),"+"&I77*(-1)&"",I77) -> 30.1 | K77: =ABS(D77-G77) -> 1.7 | L77: 10 | M77: 3 | N77: =IF(ISTEXT(C77), Calcutta!F112, "") -> Wedgeworth, Cliff
B78: 76 | C78: Donohue, Robert | D78: 17.1 | E78: =IF(((D78)<0),"+"&D78*(-1)&"",D78) -> 17.1 | F78: Edwards, Mark | G78: 13.5 | H78: =IF(((G78)<0),"+"&G78*(-1)&"",G78) -> 13.5 | I78: =D78+G78 -> 30.6 | J78: =IF((I78<0),"+"&I78*(-1)&"",I78) -> 30.6 | K78: =ABS(D78-G78) -> 3.6 | L78: 10 | M78: 4 | N78: =IF(ISTEXT(C78), Calcutta!F113, "") -> Aghazadeh, Abdol
B79: 77 | C79: Patterson, Taylor | D79: 14.8 | E79: =IF(((D79)<0),"+"&D79*(-1)&"",D79) -> 14.8 | F79: Perkinson, Sebastian | G79: 16 | H79: =IF(((G79)<0),"+"&G79*(-1)&"",G79) -> 16 | I79: =D79+G79 -> 30.8 | J79: =IF((I79<0),"+"&I79*(-1)&"",I79) -> 30.8 | K79: =ABS(D79-G79) -> 1.2 | L79: 10 | M79: 5 | N79: =IF(ISTEXT(C79), Calcutta!F114, "") -> Edwards, Patric
B80: 78 | C80: Nesbitt, David | D80: 13.5 | E80: =IF(((D80)<0),"+"&D80*(-1)&"",D80) -> 13.5 | F80: Parnell, Chris | G80: 18.5 | H80: =IF(((G80)<0),"+"&G80*(-1)&"",G80) -> 18.5 | I80: =D80+G80 -> 32 | J80: =IF((I80<0),"+"&I80*(-1)&"",I80) -> 32 | K80: =ABS(D80-G80) -> 5 | L80: 10 | M80: 6 | N80: =IF(ISTEXT(C80), Calcutta!F115, "") -> Cress, Pj
B81: 79 | C81: Pfaffe, Kyle | D81: 16 | E81: =IF(((D81)<0),"+"&D81*(-1)&"",D81) -> 16 | F81: Wallace, Richard | G81: 17 | H81: =IF(((G81)<0),"+"&G81*(-1)&"",G81) -> 17 | I81: =D81+G81 -> 33 | J81: =IF((I81<0),"+"&I81*(-1)&"",I81) -> 33 | K81: =ABS(D81-G81) -> 1 | L81: 10 | M81: 7 | N81: =IF(ISTEXT(C81), Calcutta!F116, "") -> Pfaffe, Kyle
B82: 80 | C82: Parent, Brian | D82: 21.6 | E82: =IF(((D82)<0),"+"&D82*(-1)&"",D82) -> 21.6 | F82: Holmes, Justin | G82: 19.7 | H82: =IF(((G82)<0),"+"&G82*(-1)&"",G82) -> 19.7 | I82: =D82+G82 -> 41.3 | J82: =IF((I82<0),"+"&I82*(-1)&"",I82) -> 41.3 | K82: =ABS(D82-G82) -> 1.9 | L82: 10 | M82: 8 | N82: =IF(ISTEXT(C82), Calcutta!F117, "") -> Parent, Brian

Sheet Payout Calc
B2: Grand Totals | F2: Percentages | N2: Shootout | P2: =D4 -> 4023
B3: All Flights | D3: =D15+H15+L15+P15+T15+D48+H48+L48+P48+T48 -> 135100 | G3: =SUM(G4:G6) -> 1 | H3: Day Money | I3: =SUM(I4:I11) -> 1 | J3: Overall | K3: =SUM(K4:K7) -> 1 | N3: 1st | O3: 0.5 | P3: =FLOOR(($D$4*O3),5) -> 2010
B4: Shootout Bonus Pool | D4: =D16+H16+L16+P16+T16+D49+H49+L49+P49+T49 -> 4023 | F4: Shootout Bonus Pool | G4: 0.03 | H4: 1st | I4: 0.5 | J4: 1st | K4: 0.5 | N4: 2nd | O4: 0.3 | P4: =FLOOR(($D$4*O4),5) -> 1205
B5: Staff Gratuity | D5: =+D17+H17+L17+P17+T17+D50+H50+L50+P50+T50 -> 4023 | F5: Staff Gratuity | G5: 0.03 | H5: 2nd | I5: 0.3 | J5: 2nd | K5: 0.3 | N5: 3rd | O5: 0.2 | P5: =FLOOR(($D$4*O5),5) -> 800
B6: Total Avail Payout | D6: =D19+H19+L19+P19+T19+T52+P52+L52+H52+D52 -> 126054 | F6: Total Avail Payout | G6: 0.94 | H6: 3rd | I6: 0.2 | J6: 3rd | K6: 0.2 | N6: 4th | O6: 0 | P6: =FLOOR(($D$4*O6),5) -> 0
B7: Security / Auctioneer (fixed) | D7: 1000 | F7: Flight Wnrs % of TAP | G7: 0.65 | H7: 4th | I7: 0 | J7: 4th | K7: 0 | O7: Sum | P7: =SUM(P3:P6) -> 4015
F8: Day Money % of TAP | G8: 0.35 | H8: 5th | I8: 0 | N8: Total Leftover Shootout | P8: =P2-P7 -> 8
B9: Leftover Funds | D9: =D44+H44+L44+P44+T44+T77+P77+L77+H77+D77+P8 -> 159.4 | H9: 6th | I9: 0
H10: 7th | I10: 0
H11: 8th | I11: 0
B15: Flight #1 | C15: Total | D15: =Calcutta!I11 -> 20600 | F15: Flight #2 | G15: Total | H15: =Calcutta!I22 -> 21000 | J15: Flight #3 | K15: Total | L15: =Calcutta!I33 -> 13400 | N15: Flight #4 | O15: Total | P15: =Calcutta!I44 -> 19500 | R15: Flight #5 | S15: Total | T15: =Calcutta!I55 -> 12000
B16: ="Bonus Pool (" & (TEXT($G$4, "0%")) & ")" -> Bonus Pool (3%) | D16: =(D15-D18)*$G$4 -> 615 | F16: ="Bonus Pool (" & (TEXT($G$4, "0%")) & ")" -> Bonus Pool (3%) | H16: =(H15-H18)*$G$4 -> 627 | J16: ="Bonus Pool (" & (TEXT($G$4, "0%")) & ")" -> Bonus Pool (3%) | L16: =(L15-L18)*$G$4 -> 399 | N16: ="Bonus Pool (" & (TEXT($G$4, "0%")) & ")" -> Bonus Pool (3%) | P16: =(P15-P18)*$G$4 -> 582 | R16: ="Bonus Pool (" & (TEXT($G$4, "0%")) & ")" -> Bonus Pool (3%) | T16: =(T15-T18)*$G$4 -> 357
B17: ="Staff Gratuity (" & (TEXT($G$5, "0%")) & ")" -> Staff Gratuity (3%) | D17: =(D15-D18)*$G$5 -> 615 | F17: ="Staff Gratuity (" & (TEXT($G$5, "0%")) & ")" -> Staff Gratuity (3%) | H17: =(H15-H18)*$G$5 -> 627 | J17: ="Staff Gratuity (" & (TEXT($G$5, "0%")) & ")" -> Staff Gratuity (3%) | L17: =(L15-L18)*$G$5 -> 399 | N17: ="Staff Gratuity (" & (TEXT($G$5, "0%")) & ")" -> Staff Gratuity (3%) | P17: =(P15-P18)*$G$5 -> 582 | R17: ="Staff Gratuity (" & (TEXT($G$5, "0%")) & ")" -> Staff Gratuity (3%) | T17: =(T15-T18)*$G$5 -> 357
B18: Security Cost (fixed) | D18: =$D$7/10 -> 100 | F18: Security Cost (fixed) | H18: =$D$7/10 -> 100 | J18: Security Cost (fixed) | L18: =$D$7/10 -> 100 | N18: Security Cost (fixed) | P18: =$D$7/10 -> 100 | R18: Security Cost (fixed) | T18: =$D$7/10 -> 100
B19: ="Total Available Payout (" & (TEXT($G$6, "0%")) & ")" -> Total Available Payout (94%) | D19: =((D15-D18)*$G$6) -> 19270 | F19: ="Total Available Payout (" & (TEXT($G$6, "0%")) & ")" -> Total Available Payout (94%) | H19: =(H15-H18)*$G$6 -> 19646 | J19: ="Total Available Payout (" & (TEXT($G$6, "0%")) & ")" -> Total Available Payout (94%) | L19: =(L15-L18)*$G$6 -> 12502 | N19: ="Total Available Payout (" & (TEXT($G$6, "0%")) & ")" -> Total Available Payout (94%) | P19: =(P15-P18)*$G$6 -> 18236 | R19: ="Total Available Payout (" & (TEXT($G$6, "0%")) & ")" -> Total Available Payout (94%) | T19: =(T15-T18)*$G$6 -> 11186
C20: Sum | D20: =SUM(D16:E19) -> 20600 | G20: Sum | H20: =SUM(H16:I19) -> 21000 | K20: Sum | L20: =SUM(L16:M19) -> 13400 | O20: Sum | P20: =SUM(P16:Q19) -> 19500 | S20: Sum | T20: =SUM(T16:U19) -> 12000
B22: Flight Winners | F22: Flight Winners | J22: Flight Winners | N22: Flight Winners | R22: Flight Winners
B23: =(TEXT($G$7, "0%")) & " of Total Available Payout" -> 65% of Total Available Payout | D23: =D19*$G$7 -> 12525.5 | F23: =(TEXT($G$7, "0%")) & " of Total Available Payout" -> 65% of Total Available Payout | H23: =H19*$G$7 -> 12769.9 | J23: =(TEXT($G$7, "0%")) & " of Total Available Payout" -> 65% of Total Available Payout | L23: =L19*$G$7 -> 8126.3 | N23: =(TEXT($G$7, "0%")) & " of Total Available Payout" -> 65% of Total Available Payout | P23: =P19*$G$7 -> 11853.4 | R23: =(TEXT($G$7, "0%")) & " of Total Available Payout" -> 65% of Total Available Payout | T23: =T19*$G$7 -> 7270.9
B24: 1st | C24: =$K$4 -> 0.5 | D24: =FLOOR((D23*$K$4),5) -> 6260 | F24: 1st | G24: =$K$4 -> 0.5 | H24: =FLOOR((H23*$K$4),5) -> 6380 | J24: 1st | K24: =$K$4 -> 0.5 | L24: =FLOOR((L23*$K$4),5) -> 4060 | N24: 1st | O24: =$K$4 -> 0.5 | P24: =FLOOR((P23*$K$4),5) -> 5925 | R24: 1st | S24: =$K$4 -> 0.5 | T24: =FLOOR((T23*$K$4),5) -> 3635
B25: 2nd | C25: =$K$5 -> 0.3 | D25: =FLOOR((D23*$K$5),5) -> 3755 | F25: 2nd | G25: =$K$5 -> 0.3 | H25: =FLOOR((H23*$K$5),5) -> 3830 | J25: 2nd | K25: =$K$5 -> 0.3 | L25: =FLOOR((L23*$K$5),5) -> 2435 | N25: 2nd | O25: =$K$5 -> 0.3 | P25: =FLOOR((P23*$K$5),5) -> 3555 | R25: 2nd | S25: =$K$5 -> 0.3 | T25: =FLOOR((T23*$K$5),5) -> 2180
B26: 3rd | C26: =$K$6 -> 0.2 | D26: =FLOOR((D23*$K$6),5) -> 2505 | F26: 3rd | G26: =$K$6 -> 0.2 | H26: =FLOOR((H23*$K$6),5) -> 2550 | J26: 3rd | K26: =$K$6 -> 0.2 | L26: =FLOOR((L23*$K$6),5) -> 1625 | N26: 3rd | O26: =$K$6 -> 0.2 | P26: =FLOOR((P23*$K$6),5) -> 2370 | R26: 3rd | S26: =$K$6 -> 0.2 | T26: =FLOOR((T23*$K$6),5) -> 1450
B27: 4th | C27: =$K$7 -> 0 | D27: =FLOOR((D23*$K$7),5) -> 0 | F27: 4th | G27: =$K$7 -> 0 | H27: =FLOOR((H23*$K$7),5) -> 0 | J27: 4th | K27: =$K$7 -> 0 | L27: =FLOOR((L23*$K$7),5) -> 0 | N27: 4th | O27: =$K$7 -> 0 | P27: =FLOOR((P23*$K$7),5) -> 0 | R27: 4th | S27: =$K$7 -> 0 | T27: =FLOOR((T23*$K$7),5) -> 0
B28: Sum | C28: =SUM(C24:C27) -> 1 | D28: =SUM(D24:D27) -> 12520 | F28: Sum | G28: =SUM(G24:G27) -> 1 | H28: =SUM(H24:H27) -> 12760 | J28: Sum | K28: =SUM(K24:K27) -> 1 | L28: =SUM(L24:L27) -> 8120 | N28: Sum | O28: =SUM(O24:O27) -> 1 | P28: =SUM(P24:P27) -> 11850 | R28: Sum | S28: =SUM(S24:S27) -> 1 | T28: =SUM(T24:T27) -> 7265
B29: Leftover | D29: =D23-D28 -> 5.5 | F29: Leftover | H29: =H23-H28 -> 9.9 | J29: Leftover | L29: =L23-L28 -> 6.3 | N29: Leftover | P29: =P23-P28 -> 3.4 | R29: Leftover | T29: =T23-T28 -> 5.9
B31: Day Money | F31: Day Money | J31: Day Money | N31: Day Money | R31: Day Money
B32: =(TEXT($G$8, "0%")) & " of Total Available Payout" -> 35% of Total Available Payout | D32: =D19*$G$8 -> 6744.5 | F32: =(TEXT($G$8, "0%")) & " of Total Available Payout" -> 35% of Total Available Payout | H32: =H19*$G$8 -> 6876.1 | J32: =(TEXT($G$8, "0%")) & " of Total Available Payout" -> 35% of Total Available Payout | L32: =L19*$G$8 -> 4375.7 | N32: =(TEXT($G$8, "0%")) & " of Total Available Payout" -> 35% of Total Available Payout | P32: =P19*$G$8 -> 6382.6 | R32: =(TEXT($G$8, "0%")) & " of Total Available Payout" -> 35% of Total Available Payout | T32: =T19*$G$8 -> 3915.1
B33: Daily Payout (3 days) | D33: =D32/3 -> 2248.1667 | F33: Daily Payout (3 days) | H33: =H32/3 -> 2292.0333 | J33: Daily Payout (3 days) | L33: =L32/3 -> 1458.5667 | N33: Daily Payout (3 days) | P33: =P32/3 -> 2127.5333 | R33: Daily Payout (3 days) | T33: =T32/3 -> 1305.0333
B34: 1st | C34: =$I$4 -> 0.5 | D34: =FLOOR((C34*$D$33),5) -> 1120 | F34: 1st | G34: =$I$4 -> 0.5 | H34: =FLOOR((G34*$H$33),5) -> 1145 | J34: 1st | K34: =$I$4 -> 0.5 | L34: =FLOOR((K34*$L$33),5) -> 725 | N34: 1st | O34: =$I$4 -> 0.5 | P34: =FLOOR((O34*$P$33),5) -> 1060 | R34: 1st | S34: =$I$4 -> 0.5 | T34: =FLOOR((S34*$T$33),5) -> 650
B35: 2nd | C35: =$I$5 -> 0.3 | D35: =FLOOR((C35*$D$33),5) -> 670 | F35: 2nd | G35: =$I$5 -> 0.3 | H35: =FLOOR((G35*$H$33),5) -> 685 | J35: 2nd | K35: =$I$5 -> 0.3 | L35: =FLOOR((K35*$L$33),5) -> 435 | N35: 2nd | O35: =$I$5 -> 0.3 | P35: =FLOOR((O35*$P$33),5) -> 635 | R35: 2nd | S35: =$I$5 -> 0.3 | T35: =FLOOR((S35*$T$33),5) -> 390
B36: 3rd | C36: =$I$6 -> 0.2 | D36: =FLOOR((C36*$D$33),5) -> 445 | F36: 3rd | G36: =$I$6 -> 0.2 | H36: =FLOOR((G36*$H$33),5) -> 455 | J36: 3rd | K36: =$I$6 -> 0.2 | L36: =FLOOR((K36*$L$33),5) -> 290 | N36: 3rd | O36: =$I$6 -> 0.2 | P36: =FLOOR((O36*$P$33),5) -> 425 | R36: 3rd | S36: =$I$6 -> 0.2 | T36: =FLOOR((S36*$T$33),5) -> 260
B37: 4th | C37: =$I$7 -> 0 | D37: =FLOOR((C37*$D$33),5) -> 0 | F37: 4th | G37: =$I$7 -> 0 | H37: =FLOOR((G37*$H$33),5) -> 0 | J37: 4th | K37: =$I$7 -> 0 | L37: =FLOOR((K37*$L$33),5) -> 0 | N37: 4th | O37: =$I$7 -> 0 | P37: =FLOOR((O37*$P$33),5) -> 0 | R37: 4th | S37: =$I$7 -> 0 | T37: =FLOOR((S37*$T$33),5) -> 0
B38: 5th | C38: =$I$8 -> 0 | D38: =FLOOR((C38*$D$33),5) -> 0 | F38: 5th | G38: =$I$8 -> 0 | H38: =FLOOR((G38*$H$33),5) -> 0 | J38: 5th | K38: =$I$8 -> 0 | L38: =FLOOR((K38*$L$33),5) -> 0 | N38: 5th | O38: =$I$8 -> 0 | P38: =FLOOR((O38*$P$33),5) -> 0 | R38: 5th | S38: =$I$8 -> 0 | T38: =FLOOR((S38*$T$33),5) -> 0
B39: 6th | C39: =$I$9 -> 0 | D39: =FLOOR((C39*$D$33),5) -> 0 | F39: 6th | G39: =$I$9 -> 0 | H39: =FLOOR((G39*$H$33),5) -> 0 | J39: 6th | K39: =$I$9 -> 0 | L39: =FLOOR((K39*$L$33),5) -> 0 | N39: 6th | O39: =$I$9 -> 0 | P39: =FLOOR((O39*$P$33),5) -> 0 | R39: 6th | S39: =$I$9 -> 0 | T39: =FLOOR((S39*$T$33),5) -> 0
B40: 7th | C40: =$I$10 -> 0 | D40: =FLOOR((C40*$D$33),5) -> 0 | F40: 7th | G40: =$I$10 -> 0 | H40: =FLOOR((G40*$H$33),5) -> 0 | J40: 7th | K40: =$I$10 -> 0 | L40: =FLOOR((K40*$L$33),5) -> 0 | N40: 7th | O40: =$I$10 -> 0 | P40: =FLOOR((O40*$P$33),5) -> 0 | R40: 7th | S40: =$I$10 -> 0 | T40: =FLOOR((S40*$T$33),5) -> 0
B41: 8th | C41: =$I$11 -> 0 | D41: =FLOOR((C41*$D$33),5) -> 0 | F41: 8th | G41: =$I$11 -> 0 | H41: =FLOOR((G41*$D$33),5) -> 0 | J41: 8th | K41: =$I$11 -> 0 | L41: =FLOOR((K41*$L$33),5) -> 0 | N41: 8th | O41: =$I$11 -> 0 | P41: =FLOOR((O41*$P$33),5) -> 0 | R41: 8th | S41: =$I$11 -> 0 | T41: =FLOOR((S41*$T$33),5) -> 0
B42: Sum | C42: =SUM(C34:C41) -> 1 | D42: =SUM(D34:D41) -> 2235 | F42: Sum | G42: =SUM(G34:G41) -> 1 | H42: =SUM(H34:H41) -> 2285 | J42: Sum | K42: =SUM(K34:K41) -> 1 | L42: =SUM(L34:L41) -> 1450 | N42: Sum | O42: =SUM(O34:O41) -> 1 | P42: =SUM(P34:P41) -> 2120 | R42: Sum | S42: =SUM(S34:S41) -> 1 | T42: =SUM(T34:T41) -> 1300
B43: Leftover | D43: =D33-D42 -> 13.166667 | F43: Leftover | H43: =H33-H42 -> 7.0333333 | J43: Leftover | L43: =L33-L42 -> 8.5666667 | N43: Leftover | P43: =P33-P42 -> 7.5333333 | R43: Leftover | T43: =T33-T42 -> 5.0333333
B44: Total Leftover Flight #1 | D44: =D29+D43 -> 18.666667 | F44: Total Leftover Flight #2 | H44: =H29+H43 -> 16.933333 | J44: Total Leftover Flight #3 | L44: =L29+L43 -> 14.866667 | N44: Total Leftover Flight #4 | P44: =P29+P43 -> 10.933333 | R44: Total Leftover Flight #5 | T44: =T29+T43 -> 10.933333
B48: Flight #6 | C48: Total | D48: =Calcutta!I66 -> 11400 | F48: Flight #7 | G48: Total | H48: =Calcutta!I77 -> 10300 | J48: Flight #8 | K48: Total | L48: =Calcutta!I88 -> 9300 | N48: Flight #9 | O48: Total | P48: =Calcutta!I99 -> 9300 | R48: Flight #10 | S48: Total | T48: =Calcutta!I110 -> 8300
B49: ="Bonus Pool (" & (TEXT($G$4, "0%")) & ")" -> Bonus Pool (3%) | D49: =(D48-D51)*$G$4 -> 339 | F49: ="Bonus Pool (" & (TEXT($G$4, "0%")) & ")" -> Bonus Pool (3%) | H49: =(H48-H51)*$G$4 -> 306 | J49: ="Bonus Pool (" & (TEXT($G$4, "0%")) & ")" -> Bonus Pool (3%) | L49: =(L48-L51)*$G$4 -> 276 | N49: ="Bonus Pool (" & (TEXT($G$4, "0%")) & ")" -> Bonus Pool (3%) | P49: =(P48-P51)*$G$4 -> 276 | R49: ="Bonus Pool (" & (TEXT($G$4, "0%")) & ")" -> Bonus Pool (3%) | T49: =(T48-T51)*$G$4 -> 246
B50: ="Staff Gratuity (" & (TEXT($G$5, "0%")) & ")" -> Staff Gratuity (3%) | D50: =(D48-D51)*$G$5 -> 339 | F50: ="Staff Gratuity (" & (TEXT($G$5, "0%")) & ")" -> Staff Gratuity (3%) | H50: =(H48-H51)*$G$5 -> 306 | J50: ="Staff Gratuity (" & (TEXT($G$5, "0%")) & ")" -> Staff Gratuity (3%) | L50: =(L48-L51)*$G$5 -> 276 | N50: ="Staff Gratuity (" & (TEXT($G$5, "0%")) & ")" -> Staff Gratuity (3%) | P50: =(P48-P51)*$G$5 -> 276 | R50: ="Staff Gratuity (" & (TEXT($G$5, "0%")) & ")" -> Staff Gratuity (3%) | T50: =(T48-T51)*$G$5 -> 246
B51: Security Cost (fixed) | D51: =$D$7/10 -> 100 | F51: Security Cost (fixed) | H51: =$D$7/10 -> 100 | J51: Security Cost (fixed) | L51: =$D$7/10 -> 100 | N51: Security Cost (fixed) | P51: =$D$7/10 -> 100 | R51: Security Cost (fixed) | T51: =$D$7/10 -> 100
B52: ="Total Available Payout (" & (TEXT($G$6, "0%")) & ")" -> Total Available Payout (94%) | D52: =(D48-D51)*$G$6 -> 10622 | F52: ="Total Available Payout (" & (TEXT($G$6, "0%")) & ")" -> Total Available Payout (94%) | H52: =(H48-H51)*$G$6 -> 9588 | J52: ="Total Available Payout (" & (TEXT($G$6, "0%")) & ")" -> Total Available Payout (94%) | L52: =(L48-L51)*$G$6 -> 8648 | N52: ="Total Available Payout (" & (TEXT($G$6, "0%")) & ")" -> Total Available Payout (94%) | P52: =(P48-P51)*$G$6 -> 8648 | R52: ="Total Available Payout (" & (TEXT($G$6, "0%")) & ")" -> Total Available Payout (94%) | T52: =(T48-T51)*$G$6 -> 7708
C53: Sum | D53: =SUM(D49:E52) -> 11400 | G53: Sum | H53: =SUM(H49:I52) -> 10300 | K53: Sum | L53: =SUM(L49:M52) -> 9300 | O53: Sum | P53: =SUM(P49:Q52) -> 9300 | S53: Sum | T53: =SUM(T49:U52) -> 8300
B55: Flight Winners | F55: Flight Winners | J55: Flight Winners | N55: Flight Winners | R55: Flight Winners
B56: =(TEXT($G$7, "0%")) & " of Total Available Payout" -> 65% of Total Available Payout | D56: =D52*$G$7 -> 6904.3 | F56: =(TEXT($G$7, "0%")) & " of Total Available Payout" -> 65% of Total Available Payout | H56: =H52*$G$7 -> 6232.2 | J56: =(TEXT($G$7, "0%")) & " of Total Available Payout" -> 65% of Total Available Payout | L56: =L52*$G$7 -> 5621.2 | N56: =(TEXT($G$7, "0%")) & " of Total Available Payout" -> 65% of Total Available Payout | P56: =P52*$G$7 -> 5621.2 | R56: =(TEXT($G$7, "0%")) & " of Total Available Payout" -> 65% of Total Available Payout | T56: =T52*$G$7 -> 5010.2
B57: 1st | C57: =$K$4 -> 0.5 | D57: =FLOOR((D56*$K$4),5) -> 3450 | F57: 1st | G57: =$K$4 -> 0.5 | H57: =FLOOR((H56*$K$4),5) -> 3115 | J57: 1st | K57: =$K$4 -> 0.5 | L57: =FLOOR((L56*$K$4),5) -> 2810 | N57: 1st | O57: =$K$4 -> 0.5 | P57: =FLOOR((P56*$K$4),5) -> 2810 | R57: 1st | S57: =$K$4 -> 0.5 | T57: =FLOOR((T56*$K$4),5) -> 2505
B58: 2nd | C58: =$K$5 -> 0.3 | D58: =FLOOR((D56*$K$5),5) -> 2070 | F58: 2nd | G58: =$K$5 -> 0.3 | H58: =FLOOR((H56*$K$5),5) -> 1865 | J58: 2nd | K58: =$K$5 -> 0.3 | L58: =FLOOR((L56*$K$5),5) -> 1685 | N58: 2nd | O58: =$K$5 -> 0.3 | P58: =FLOOR((P56*$K$5),5) -> 1685 | R58: 2nd | S58: =$K$5 -> 0.3 | T58: =FLOOR((T56*$K$5),5) -> 1500
B59: 3rd | C59: =$K$6 -> 0.2 | D59: =FLOOR((D56*$K$6),5) -> 1380 | F59: 3rd | G59: =$K$6 -> 0.2 | H59: =FLOOR((H56*$K$6),5) -> 1245 | J59: 3rd | K59: =$K$6 -> 0.2 | L59: =FLOOR((L56*$K$6),5) -> 1120 | N59: 3rd | O59: =$K$6 -> 0.2 | P59: =FLOOR((P56*$K$6),5) -> 1120 | R59: 3rd | S59: =$K$6 -> 0.2 | T59: =FLOOR((T56*$K$6),5) -> 1000
B60: 4th | C60: =$K$7 -> 0 | D60: =FLOOR((D56*$K$7),5) -> 0 | F60: 4th | G60: =$K$7 -> 0 | H60: =FLOOR((H56*$K$7),5) -> 0 | J60: 4th | K60: =$K$7 -> 0 | L60: =FLOOR((L56*$K$7),5) -> 0 | N60: 4th | O60: =$K$7 -> 0 | P60: =FLOOR((P56*$K$7),5) -> 0 | R60: 4th | S60: =$K$7 -> 0 | T60: =FLOOR((T56*$K$7),5) -> 0
B61: Sum | C61: =SUM(C57:C60) -> 1 | D61: =SUM(D57:D60) -> 6900 | F61: Sum | G61: =SUM(G57:G60) -> 1 | H61: =SUM(H57:H60) -> 6225 | J61: Sum | K61: =SUM(K57:K60) -> 1 | L61: =SUM(L57:L60) -> 5615 | N61: Sum | O61: =SUM(O57:O60) -> 1 | P61: =SUM(P57:P60) -> 5615 | R61: Sum | S61: =SUM(S57:S60) -> 1 | T61: =SUM(T57:T60) -> 5005
B62: Leftover | D62: =D56-D61 -> 4.3 | F62: Leftover | H62: =H56-H61 -> 7.2 | J62: Leftover | L62: =L56-L61 -> 6.2 | N62: Leftover | P62: =P56-P61 -> 6.2 | R62: Leftover | T62: =T56-T61 -> 5.2
B64: Day Money | F64: Day Money | J64: Day Money | N64: Day Money | R64: Day Money
B65: =(TEXT($G$8, "0%")) & " of Total Available Payout" -> 35% of Total Available Payout | D65: =D52*$G$8 -> 3717.7 | F65: =(TEXT($G$8, "0%")) & " of Total Available Payout" -> 35% of Total Available Payout | H65: =H52*$G$8 -> 3355.8 | J65: =(TEXT($G$8, "0%")) & " of Total Available Payout" -> 35% of Total Available Payout | L65: =L52*$G$8 -> 3026.8 | N65: =(TEXT($G$8, "0%")) & " of Total Available Payout" -> 35% of Total Available Payout | P65: =P52*$G$8 -> 3026.8 | R65: =(TEXT($G$8, "0%")) & " of Total Available Payout" -> 35% of Total Available Payout | T65: =T52*$G$8 -> 2697.8
B66: Daily Payout (3 days) | D66: =D65/3 -> 1239.2333 | F66: Daily Payout (3 days) | H66: =H65/3 -> 1118.6 | J66: Daily Payout (3 days) | L66: =L65/3 -> 1008.9333 | N66: Daily Payout (3 days) | P66: =P65/3 -> 1008.9333 | R66: Daily Payout (3 days) | T66: =T65/3 -> 899.26667
B67: 1st | C67: =$I$4 -> 0.5 | D67: =FLOOR((C67*$D$66),5) -> 615 | F67: 1st | G67: =$I$4 -> 0.5 | H67: =FLOOR((G67*$H$66),5) -> 555 | J67: 1st | K67: =$I$4 -> 0.5 | L67: =FLOOR((K67*$L$66),5) -> 500 | N67: 1st | O67: =$I$4 -> 0.5 | P67: =FLOOR((O67*$P$66),5) -> 500 | R67: 1st | S67: =$I$4 -> 0.5 | T67: =FLOOR((S67*$T$66),5) -> 445
B68: 2nd | C68: =$I$5 -> 0.3 | D68: =FLOOR((C68*$D$66),5) -> 370 | F68: 2nd | G68: =$I$5 -> 0.3 | H68: =FLOOR((G68*$H$66),5) -> 335 | J68: 2nd | K68: =$I$5 -> 0.3 | L68: =FLOOR((K68*$L$66),5) -> 300 | N68: 2nd | O68: =$I$5 -> 0.3 | P68: =FLOOR((O68*$P$66),5) -> 300 | R68: 2nd | S68: =$I$5 -> 0.3 | T68: =FLOOR((S68*$T$66),5) -> 265
B69: 3rd | C69: =$I$6 -> 0.2 | D69: =FLOOR((C69*$D$66),5) -> 245 | F69: 3rd | G69: =$I$6 -> 0.2 | H69: =FLOOR((G69*$H$66),5) -> 220 | J69: 3rd | K69: =$I$6 -> 0.2 | L69: =FLOOR((K69*$L$66),5) -> 200 | N69: 3rd | O69: =$I$6 -> 0.2 | P69: =FLOOR((O69*$P$66),5) -> 200 | R69: 3rd | S69: =$I$6 -> 0.2 | T69: =FLOOR((S69*$T$66),5) -> 175
B70: 4th | C70: =$I$7 -> 0 | D70: =FLOOR((C70*$D$66),5) -> 0 | F70: 4th | G70: =$I$7 -> 0 | H70: =FLOOR((G70*$H$66),5) -> 0 | J70: 4th | K70: =$I$7 -> 0 | L70: =FLOOR((K70*$L$66),5) -> 0 | N70: 4th | O70: =$I$7 -> 0 | P70: =FLOOR((O70*$P$66),5) -> 0 | R70: 4th | S70: =$I$7 -> 0 | T70: =FLOOR((S70*$T$66),5) -> 0
B71: 5th | C71: =$I$8 -> 0 | D71: =FLOOR((C71*$D$66),5) -> 0 | F71: 5th | G71: =$I$8 -> 0 | H71: =FLOOR((G71*$H$66),5) -> 0 | J71: 5th | K71: =$I$8 -> 0 | L71: =FLOOR((K71*$L$66),5) -> 0 | N71: 5th | O71: =$I$8 -> 0 | P71: =FLOOR((O71*$P$66),5) -> 0 | R71: 5th | S71: =$I$8 -> 0 | T71: =FLOOR((S71*$T$66),5) -> 0
B72: 6th | C72: =$I$9 -> 0 | D72: =FLOOR((C72*$D$66),5) -> 0 | F72: 6th | G72: =$I$9 -> 0 | H72: =FLOOR((G72*$H$66),5) -> 0 | J72: 6th | K72: =$I$9 -> 0 | L72: =FLOOR((K72*$L$66),5) -> 0 | N72: 6th | O72: =$I$9 -> 0 | P72: =FLOOR((O72*$P$66),5) -> 0 | R72: 6th | S72: =$I$9 -> 0 | T72: =FLOOR((S72*$T$66),5) -> 0
B73: 7th | C73: =$I$10 -> 0 | D73: =FLOOR((C73*$D$66),5) -> 0 | F73: 7th | G73: =$I$10 -> 0 | H73: =FLOOR((G73*$H$66),5) -> 0 | J73: 7th | K73: =$I$10 -> 0 | L73: =FLOOR((K73*$L$66),5) -> 0 | N73: 7th | O73: =$I$10 -> 0 | P73: =FLOOR((O73*$P$66),5) -> 0 | R73: 7th | S73: =$I$10 -> 0 | T73: =FLOOR((S73*$T$66),5) -> 0
B74: 8th | C74: =$I$11 -> 0 | D74: =FLOOR((C74*$D$66),5) -> 0 | F74: 8th | G74: =$I$11 -> 0 | H74: =FLOOR((G74*$H$66),5) -> 0 | J74: 8th | K74: =$I$11 -> 0 | L74: =FLOOR((K74*$L$66),5) -> 0 | N74: 8th | O74: =$I$11 -> 0 | P74: =FLOOR((O74*$P$66),5) -> 0 | R74: 8th | S74: =$I$11 -> 0 | T74: =FLOOR((S74*$T$66),5) -> 0
B75: Sum | C75: =SUM(C67:C74) -> 1 | D75: =SUM(D67:D74) -> 1230 | F75: Sum | G75: =SUM(G67:G74) -> 1 | H75: =SUM(H67:H74) -> 1110 | J75: Sum | K75: =SUM(K67:K74) -> 1 | L75: =SUM(L67:L74) -> 1000 | N75: Sum | O75: =SUM(O67:O74) -> 1 | P75: =SUM(P67:P74) -> 1000 | R75: Sum | S75: =SUM(S67:S74) -> 1 | T75: =SUM(T67:T74) -> 885
B76: Leftover | D76: =D66-D75 -> 9.2333333 | F76: Leftover | H76: =H66-H75 -> 8.6 | J76: Leftover | L76: =L66-L75 -> 8.9333333 | N76: Leftover | P76: =P66-P75 -> 8.9333333 | R76: Leftover | T76: =T66-T75 -> 14.266667
B77: Total Leftover Flight #6 | D77: =D62+D76 -> 13.533333 | F77: Total Leftover Flight #7 | H77: =H62+H76 -> 15.8 | J77: Total Leftover Flight #8 | L77: =L62+L76 -> 15.133333 | N77: Total Leftover Flight #9 | P77: =P62+P76 -> 15.133333 | R77: Total Leftover Flight #10 | T77: =T62+T76 -> 19.466667

Sheet Quota Calc v1
A3: Flight #1 | E3: Day 1 | G3: Day 2 | I3: Day 3
A4: Flight | B4: Team # | C4: Member | D4: Guest | E4: Quota | F4: Results | G4: Quota | H4: Results | I4: Quota | J4: Results
A5: 1 | B5: 1 | C5: =IF('Master Player List'!L3=1,'Master Player List'!C3,"") -> Brijalba, Rufus | D5: =IF('Master Player List'!L3=1,'Master Player List'!F3,"") -> Peck, Colin | E5: =IF('Master Player List'!L3=1,'Master Player List'!I3,"") -> -5.2
A6: 1 | B6: 2 | C6: =IF('Master Player List'!L4=1,'Master Player List'!C4,"") -> Paschke, Michael | D6: =IF('Master Player List'!L4=1,'Master Player List'!F4,"") -> Montes, Daniel | E6: =IF('Master Player List'!L4=1,'Master Player List'!I4,"") -> -0.7 | M6: Creat Master Formula Page?
A7: 1 | B7: 3 | C7: =IF('Master Player List'!L5=1,'Master Player List'!C5,"") -> Harwood, Michael | D7: =IF('Master Player List'!L5=1,'Master Player List'!F5,"") -> Diaz, Gerry | E7: =IF('Master Player List'!L5=1,'Master Player List'!I5,"") -> 0.1 | M7: Flight Daily Placing Calcs?
A8: 1 | B8: 4 | C8: =IF('Master Player List'!L6=1,'Master Player List'!C6,"") -> Lambert, Jeff | D8: =IF('Master Player List'!L6=1,'Master Player List'!F6,"") -> White, Jason | E8: =IF('Master Player List'!L6=1,'Master Player List'!I6,"") -> 1.8 | M8: Tie breaker Calcs?
A9: 1 | B9: 5 | C9: =IF('Master Player List'!L7=1,'Master Player List'!C7,"") -> Kim, Steven | D9: =IF('Master Player List'!L7=1,'Master Player List'!F7,"") -> Kerrigan, Mike | E9: =IF('Master Player List'!L7=1,'Master Player List'!I7,"") -> 2.9
A10: 1 | B10: 6 | C10: =IF('Master Player List'!L8=1,'Master Player List'!C8,"") -> Maples, Brent | D10: =IF('Master Player List'!L8=1,'Master Player List'!F8,"") -> Buratto, Mark | E10: =IF('Master Player List'!L8=1,'Master Player List'!I8,"") -> 3.8
A11: 1 | B11: 7 | C11: =IF('Master Player List'!L9=1,'Master Player List'!C9,"") -> Darter, Bret | D11: =IF('Master Player List'!L9=1,'Master Player List'!F9,"") -> Caldwell, Trey | E11: =IF('Master Player List'!L9=1,'Master Player List'!I9,"") -> 4.1
A12: 1 | B12: 8 | C12: =IF('Master Player List'!L10=1,'Master Player List'!C10,"") -> Black, Gene | D12: =IF('Master Player List'!L10=1,'Master Player List'!F10,"") -> Tilson, Scott | E12: =IF('Master Player List'!L10=1,'Master Player List'!I10,"") -> 4.5
A13: 1 | B13: 9 | C13: =IF('Master Player List'!L11=1,'Master Player List'!C11,"") | D13: =IF('Master Player List'!L11=1,'Master Player List'!F11,"") | E13: =IF('Master Player List'!L11=1,'Master Player List'!I11,"")
A14: 1 | B14: 10 | C14: =IF('Master Player List'!L12=1,'Master Player List'!C12,"") | D14: =IF('Master Player List'!L12=1,'Master Player List'!F12,"") | E14: =IF('Master Player List'!L12=1,'Master Player List'!I12,"")
A15: 1 | B15: 11 | C15: =IF('Master Player List'!L13=1,'Master Player List'!C13,"") | D15: =IF('Master Player List'!L13=1,'Master Player List'!F13,"") | E15: =IF('Master Player List'!L13=1,'Master Player List'!I13,"")
A16: 1 | B16: 12 | C16: =IF('Master Player List'!L14=1,'Master Player List'!C14,"") | D16: =IF('Master Player List'!L14=1,'Master Player List'!F14,"") | E16: =IF('Master Player List'!L14=1,'Master Player List'!I14,"")
A17: 1 | B17: 13 | C17: =IF('Master Player List'!L15=1,'Master Player List'!C15,"") | D17: =IF('Master Player List'!L15=1,'Master Player List'!F15,"") | E17: =IF('Master Player List'!L15=1,'Master Player List'!I15,"")
A18: 1 | B18: 14 | C18: =IF('Master Player List'!L16=1,'Master Player List'!C16,"") | D18: =IF('Master Player List'!L16=1,'Master Player List'!F16,"") | E18: =IF('Master Player List'!L16=1,'Master Player List'!I16,"")
A19: 1 | B19: 15 | C19: =IF('Master Player List'!L17=1,'Master Player List'!C17,"") | D19: =IF('Master Player List'!L17=1,'Master Player List'!F17,"") | E19: =IF('Master Player List'!L17=1,'Master Player List'!I17,"")
A20: 1 | B20: 16 | C20: =IF('Master Player List'!L18=1,'Master Player List'!C18,"") | D20: =IF('Master Player List'!L18=1,'Master Player List'!F18,"") | E20: =IF('Master Player List'!L18=1,'Master Player List'!I18,"")
... A26: 1 | B26: 22 | C26: =IF('Master Player List'!L24=1,'Master Player List'!C24,"") | D26: =IF('Master Player List'!L24=1,'Master Player List'!F24,"") | E26: =IF('Master Player List'!L24=1,'Master Player List'!I24,"")
C27: =IF('Master Player List'!L25=1,'Master Player List'!C25,"") | D27: =IF('Master Player List'!L25=1,'Master Player List'!F25,"")
C28: =IF('Master Player List'!L2=1,'Master Player List'!C2,"") | D28: =IF('Master Player List'!L2=1,'Master Player List'!F2,"")
A29: Flight #2 | E29: Day 1 | G29: Day 2 | I29: Day 3
A30: Flight | B30: Team # | C30: Member | D30: Guest | E30: Quota | F30: Results | G30: Quota | H30: Results | I30: Quota | J30: Results
A31: 2 | B31: 1 | C31: =IF('Master Player List'!L25=2,'Master Player List'!C25,"") | D31: =IF('Master Player List'!L25=2,'Master Player List'!F25,"") | E31: =IF('Master Player List'!L25=2,'Master Player List'!I25,"")
A32: 2 | B32: 2 | C32: =IF('Master Player List'!L26=2,'Master Player List'!C26,"") | D32: =IF('Master Player List'!L26=2,'Master Player List'!F26,"") | E32: =IF('Master Player List'!L26=2,'Master Player List'!I26,"")
A33: 2 | B33: 3 | C33: =IF('Master Player List'!L27=2,'Master Player List'!C27,"") | D33: =IF('Master Player List'!L27=2,'Master Player List'!F27,"") | E33: =IF('Master Player List'!L27=2,'Master Player List'!I27,"")
A34: 2 | B34: 4 | C34: =IF('Master Player List'!L28=2,'Master Player List'!C28,"") | D34: =IF('Master Player List'!L28=2,'Master Player List'!F28,"") | E34: =IF('Master Player List'!L28=2,'Master Player List'!I28,"")
A35: 2 | B35: 5 | C35: =IF('Master Player List'!L29=2,'Master Player List'!C29,"") | D35: =IF('Master Player List'!L29=2,'Master Player List'!F29,"") | E35: =IF('Master Player List'!L29=2,'Master Player List'!I29,"")
A36: 2 | B36: 6 | C36: =IF('Master Player List'!L30=2,'Master Player List'!C30,"") | D36: =IF('Master Player List'!L30=2,'Master Player List'!F30,"") | E36: =IF('Master Player List'!L30=2,'Master Player List'!I30,"")
A37: 2 | B37: 7 | C37: =IF('Master Player List'!L31=2,'Master Player List'!C31,"") | D37: =IF('Master Player List'!L31=2,'Master Player List'!F31,"") | E37: =IF('Master Player List'!L31=2,'Master Player List'!I31,"")
A38: 2 | B38: 8 | C38: =IF('Master Player List'!L32=2,'Master Player List'!C32,"") | D38: =IF('Master Player List'!L32=2,'Master Player List'!F32,"") | E38: =IF('Master Player List'!L32=2,'Master Player List'!I32,"")
A39: 2 | B39: 9 | C39: =IF('Master Player List'!L33=2,'Master Player List'!C33,"") | D39: =IF('Master Player List'!L33=2,'Master Player List'!F33,"") | E39: =IF('Master Player List'!L33=2,'Master Player List'!I33,"")
A40: 2 | B40: 10 | C40: =IF('Master Player List'!L34=2,'Master Player List'!C34,"") | D40: =IF('Master Player List'!L34=2,'Master Player List'!F34,"") | E40: =IF('Master Player List'!L34=2,'Master Player List'!I34,"")
A41: 2 | B41: 11 | C41: =IF('Master Player List'!L35=2,'Master Player List'!C35,"") | D41: =IF('Master Player List'!L35=2,'Master Player List'!F35,"") | E41: =IF('Master Player List'!L35=2,'Master Player List'!I35,"")
A42: 2 | B42: 12 | C42: =IF('Master Player List'!L36=2,'Master Player List'!C36,"") | D42: =IF('Master Player List'!L36=2,'Master Player List'!F36,"") | E42: =IF('Master Player List'!L36=2,'Master Player List'!I36,"")
... A52: 2 | B52: 22 | C52: =IF('Master Player List'!L46=2,'Master Player List'!C46,"") | D52: =IF('Master Player List'!L46=2,'Master Player List'!F46,"") | E52: =IF('Master Player List'!L46=2,'Master Player List'!I46,"")
A55: Flight #3 | E55: Day 1 | G55: Day 2 | I55: Day 3
A56: Flight | B56: Team # | C56: Member | D56: Guest | E56: Quota | F56: Results | G56: Quota | H56: Results | I56: Quota | J56: Results
A57: 3 | B57: 1 | C57: =IF('Master Player List'!L47=3,'Master Player List'!C47,"") | D57: =IF('Master Player List'!L47=3,'Master Player List'!F47,"") | E57: =IF('Master Player List'!L47=3,'Master Player List'!I47,"")
A58: 3 | B58: 2 | C58: =IF('Master Player List'!L48=3,'Master Player List'!C48,"") | D58: =IF('Master Player List'!L48=3,'Master Player List'!F48,"") | E58: =IF('Master Player List'!L48=3,'Master Player List'!I48,"")
A59: 3 | B59: 3 | C59: =IF('Master Player List'!L49=3,'Master Player List'!C49,"") | D59: =IF('Master Player List'!L49=3,'Master Player List'!F49,"") | E59: =IF('Master Player List'!L49=3,'Master Player List'!I49,"")
A60: 3 | B60: 4 | C60: =IF('Master Player List'!L50=3,'Master Player List'!C50,"") | D60: =IF('Master Player List'!L50=3,'Master Player List'!F50,"") | E60: =IF('Master Player List'!L50=3,'Master Player List'!I50,"")
A61: 3 | B61: 5 | C61: =IF('Master Player List'!L51=3,'Master Player List'!C51,"") | D61: =IF('Master Player List'!L51=3,'Master Player List'!F51,"") | E61: =IF('Master Player List'!L51=3,'Master Player List'!I51,"")
A62: 3 | B62: 6 | C62: =IF('Master Player List'!L52=3,'Master Player List'!C52,"") | D62: =IF('Master Player List'!L52=3,'Master Player List'!F52,"") | E62: =IF('Master Player List'!L52=3,'Master Player List'!I52,"")
A63: 3 | B63: 7 | C63: =IF('Master Player List'!L53=3,'Master Player List'!C53,"") | D63: =IF('Master Player List'!L53=3,'Master Player List'!F53,"") | E63: =IF('Master Player List'!L53=3,'Master Player List'!I53,"")
A64: 3 | B64: 8 | C64: =IF('Master Player List'!L54=3,'Master Player List'!C54,"") | D64: =IF('Master Player List'!L54=3,'Master Player List'!F54,"") | E64: =IF('Master Player List'!L54=3,'Master Player List'!I54,"")
A65: 3 | B65: 9 | C65: =IF('Master Player List'!L55=3,'Master Player List'!C55,"") | D65: =IF('Master Player List'!L55=3,'Master Player List'!F55,"") | E65: =IF('Master Player List'!L55=3,'Master Player List'!I55,"")
A66: 3 | B66: 10 | C66: =IF('Master Player List'!L56=3,'Master Player List'!C56,"") | D66: =IF('Master Player List'!L56=3,'Master Player List'!F56,"") | E66: =IF('Master Player List'!L56=3,'Master Player List'!I56,"")
A67: 3 | B67: 11 | C67: =IF('Master Player List'!L57=3,'Master Player List'!C57,"") | D67: =IF('Master Player List'!L57=3,'Master Player List'!F57,"") | E67: =IF('Master Player List'!L57=3,'Master Player List'!I57,"")
A68: 3 | B68: 12 | C68: =IF('Master Player List'!L58=3,'Master Player List'!C58,"") | D68: =IF('Master Player List'!L58=3,'Master Player List'!F58,"") | E68: =IF('Master Player List'!L58=3,'Master Player List'!I58,"")
... A78: 3 | B78: 22 | C78: =IF('Master Player List'!L68=3,'Master Player List'!C68,"") | D78: =IF('Master Player List'!L68=3,'Master Player List'!F68,"") | E78: =IF('Master Player List'!L68=3,'Master Player List'!I68,"")
A81: Flight #4 | E81: Day 1 | G81: Day 2 | I81: Day 3
A82: Flight | B82: Team # | C82: Member | D82: Guest | E82: Quota | F82: Results | G82: Quota | H82: Results | I82: Quota | J82: Results
A83: 4 | B83: 1 | C83: =IF('Master Player List'!L69=4,'Master Player List'!C69,"") | D83: =IF('Master Player List'!L69=4,'Master Player List'!F69,"") | E83: =IF('Master Player List'!L69=4,'Master Player List'!I69,"")
A84: 4 | B84: 2 | C84: =IF('Master Player List'!L70=4,'Master Player List'!C70,"") | D84: =IF('Master Player List'!L70=4,'Master Player List'!F70,"") | E84: =IF('Master Player List'!L70=4,'Master Player List'!I70,"")
A85: 4 | B85: 3 | C85: =IF('Master Player List'!L71=4,'Master Player List'!C71,"") | D85: =IF('Master Player List'!L71=4,'Master Player List'!F71,"") | E85: =IF('Master Player List'!L71=4,'Master Player List'!I71,"")
A86: 4 | B86: 4 | C86: =IF('Master Player List'!L72=4,'Master Player List'!C72,"") | D86: =IF('Master Player List'!L72=4,'Master Player List'!F72,"") | E86: =IF('Master Player List'!L72=4,'Master Player List'!I72,"")
A87: 4 | B87: 5 | C87: =IF('Master Player List'!L73=4,'Master Player List'!C73,"") | D87: =IF('Master Player List'!L73=4,'Master Player List'!F73,"") | E87: =IF('Master Player List'!L73=4,'Master Player List'!I73,"")
A88: 4 | B88: 6 | C88: =IF('Master Player List'!L74=4,'Master Player List'!C74,"") | D88: =IF('Master Player List'!L74=4,'Master Player List'!F74,"") | E88: =IF('Master Player List'!L74=4,'Master Player List'!I74,"")
A89: 4 | B89: 7 | C89: =IF('Master Player List'!L75=4,'Master Player List'!C75,"") | D89: =IF('Master Player List'!L75=4,'Master Player List'!F75,"") | E89: =IF('Master Player List'!L75=4,'Master Player List'!I75,"")
A90: 4 | B90: 8 | C90: =IF('Master Player List'!L76=4,'Master Player List'!C76,"") | D90: =IF('Master Player List'!L76=4,'Master Player List'!F76,"") | E90: =IF('Master Player List'!L76=4,'Master Player List'!I76,"")
A91: 4 | B91: 9 | C91: =IF('Master Player List'!L77=4,'Master Player List'!C77,"") | D91: =IF('Master Player List'!L77=4,'Master Player List'!F77,"") | E91: =IF('Master Player List'!L77=4,'Master Player List'!I77,"")
A92: 4 | B92: 10 | C92: =IF('Master Player List'!L78=4,'Master Player List'!C78,"") | D92: =IF('Master Player List'!L78=4,'Master Player List'!F78,"") | E92: =IF('Master Player List'!L78=4,'Master Player List'!I78,"")
A93: 4 | B93: 11 | C93: =IF('Master Player List'!L79=4,'Master Player List'!C79,"") | D93: =IF('Master Player List'!L79=4,'Master Player List'!F79,"") | E93: =IF('Master Player List'!L79=4,'Master Player List'!I79,"")
A94: 4 | B94: 12 | C94: =IF('Master Player List'!L80=4,'Master Player List'!C80,"") | D94: =IF('Master Player List'!L80=4,'Master Player List'!F80,"") | E94: =IF('Master Player List'!L80=4,'Master Player List'!I80,"")
... A96: 4 | B96: 14 | C96: =IF('Master Player List'!L82=4,'Master Player List'!C82,"") | D96: =IF('Master Player List'!L82=4,'Master Player List'!F82,"") | E96: =IF('Master Player List'!L82=4,'Master Player List'!I82,"")
A97: 4 | B97: 15 | C97: =IF('Master Player List'!#REF!=4,'Master Player List'!#REF!,"") -> #REF! | D97: =IF('Master Player List'!#REF!=4,'Master Player List'!#REF!,"") -> #REF! | E97: =IF('Master Player List'!#REF!=4,'Master Player List'!#REF!,"") -> #REF!
A98: 4 | B98: 16 | C98: =IF('Master Player List'!#REF!=4,'Master Player List'!#REF!,"") -> #REF! | D98: =IF('Master Player List'!#REF!=4,'Master Player List'!#REF!,"") -> #REF! | E98: =IF('Master Player List'!#REF!=4,'Master Player List'!#REF!,"") -> #REF!
A99: 4 | B99: 17 | C99: =IF('Master Player List'!#REF!=4,'Master Player List'!#REF!,"") -> #REF! | D99: =IF('Master Player List'!#REF!=4,'Master Player List'!#REF!,"") -> #REF! | E99: =IF('Master Player List'!#REF!=4,'Master Player List'!#REF!,"") -> #REF!
A100: 4 | B100: 18 | C100: =IF('Master Player List'!#REF!=4,'Master Player List'!#REF!,"") -> #REF! | D100: =IF('Master Player List'!#REF!=4,'Master Player List'!#REF!,"") -> #REF! | E100: =IF('Master Player List'!#REF!=4,'Master Player List'!#REF!,"") -> #REF!
A101: 4 | B101: 19 | C101: =IF('Master Player List'!#REF!=4,'Master Player List'!#REF!,"") -> #REF! | D101: =IF('Master Player List'!#REF!=4,'Master Player List'!#REF!,"") -> #REF! | E101: =IF('Master Player List'!#REF!=4,'Master Player List'!#REF!,"") -> #REF!
A102: 4 | B102: 20 | C102: =IF('Master Player List'!#REF!=4,'Master Player List'!#REF!,"") -> #REF! | D102: =IF('Master Player List'!#REF!=4,'Master Player List'!#REF!,"") -> #REF! | E102: =IF('Master Player List'!#REF!=4,'Master Player List'!#REF!,"") -> #REF!
A103: 4 | B103: 21 | C103: =IF('Master Player List'!#REF!=4,'Master Player List'!#REF!,"") -> #REF! | D103: =IF('Master Player List'!#REF!=4,'Master Player List'!#REF!,"") -> #REF! | E103: =IF('Master Player List'!#REF!=4,'Master Player List'!#REF!,"") -> #REF!
A104: 4 | B104: 22 | C104: =IF('Master Player List'!#REF!=4,'Master Player List'!#REF!,"") -> #REF! | D104: =IF('Master Player List'!#REF!=4,'Master Player List'!#REF!,"") -> #REF! | E104: =IF('Master Player List'!#REF!=4,'Master Player List'!#REF!,"") -> #REF!

Sheet Formatting
B1: Member | C1: Handicap | D1: Guest | E1: Handicap | F1: Row
D2: Brijalba, Rufus | E2: -3.1 | F2: =MOD(ROW(),2) -> 0
B3: Brijalba, Rufus | C3: -3.1 | D3: Peck, Colin | E3: -2.1 | F3: =MOD(ROW(),2) -> 1
B4: Peck, Colin | C4: -2.1 | D4: Paschke, Michael | E4: 3.6 | F4: =MOD(ROW(),2) -> 0
B5: Paschke, Michael | C5: 3.6 | D5: Montes, Daniel | E5: -4.3 | F5: =MOD(ROW(),2) -> 1
B6: Montes, Daniel | C6: -4.3 | D6: Harwood, Michael | E6: -0.5 | F6: =MOD(ROW(),2) -> 0
B7: Harwood, Michael | C7: -0.5 | D7: Diaz, Gerry | E7: 0.6 | F7: =MOD(ROW(),2) -> 1
B8: Diaz, Gerry | C8: 0.6 | D8: Lambert, Jeff | E8: 0.5 | F8: =MOD(ROW(),2) -> 0
B9: Lambert, Jeff | C9: 0.5 | D9: White, Jason | E9: 1.3 | F9: =MOD(ROW(),2) -> 1
B10: White, Jason | C10: 1.3 | D10: Kim, Steven | E10: 2.8 | F10: =MOD(ROW(),2) -> 0
B11: Kim, Steven | C11: 2.8 | D11: Kerrigan, Mike | E11: 0.1 | F11: =MOD(ROW(),2) -> 1
B12: Kerrigan, Mike | C12: 0.1 | D12: Maples, Brent | E12: -0.7 | F12: =MOD(ROW(),2) -> 0
B13: Maples, Brent | C13: -0.7 | D13: Buratto, Mark | E13: 4.5 | F13: =MOD(ROW(),2) -> 1
B14: Buratto, Mark | C14: 4.5 | D14: Darter, Bret | E14: 0.2 | F14: =MOD(ROW(),2) -> 0
... B161: Parent, Brian | C161: 21.6 | D161: Holmes, Justin | E161: 19.7 | F161: =MOD(ROW(),2) -> 1
B162: Holmes, Justin | C162: 19.7 | F162: =MOD(ROW(),2) -> 0

Sheet Sheet1
A2: Flight | B2: Team | C2: Member | D2: Guest | E2: Owner | F2: Bid | G2: TeamHCP | H2: MemberHCP | I2: GuestHCP | L2: Flight | M2: Place | N2: Amount | O2: Winner | P2: Owner | S2: Flight | T2: Day | U2: Place | V2: Amount | W2: Winner | X2: Owner
A3: ='Master Player List'!L3 -> 1 | B3: ='Master Player List'!M3 -> 1 | C3: ='Master Player List'!C3 -> Brijalba, Rufus | D3: ='Master Player List'!F3 -> Peck, Colin | E3: ='Master Player List'!N3 -> Brijalba, Rufus | F3: =Calcutta!E11 -> 3200 | G3: ='Master Player List'!J3 -> +5.2 | H3: ='Master Player List'!E3 -> +3.1 | I3: ='Master Player List'!H3 -> +2.1 | L3: 1 | M3: 1 | N3: =Calcutta!I14 -> 6260 | O3: =Calcutta!J14 -> Lambert, Jeff | P3: =Calcutta!K14 -> Aghazadeh, Abdol | S3: 1 | T3: Thursday | U3: 1 | V3: =Calcutta!$N$14 -> 1120 | W3: =Calcutta!O14 -> Brijalba, Rufus | X3: =Calcutta!P14 -> Brijalba, Rufus
A4: ='Master Player List'!L4 -> 1 | B4: ='Master Player List'!M4 -> 2 | C4: ='Master Player List'!C4 -> Paschke, Michael | D4: ='Master Player List'!F4 -> Montes, Daniel | E4: ='Master Player List'!N4 -> Edwards, Patric | F4: =Calcutta!E12 -> 4000 | G4: ='Master Player List'!J4 -> +0.7 | H4: ='Master Player List'!E4 -> 3.6 | I4: ='Master Player List'!H4 -> +4.3 | L4: 1 | M4: 2 | N4: =Calcutta!I15 -> 3755 | O4: =Calcutta!J15 -> Harwood, Michael | P4: =Calcutta!K15 -> Harwood, Michael | S4: 1 | T4: Thursday | U4: 2 | V4: =Calcutta!$N$15 -> 670 | W4: =Calcutta!O15 -> Kim, Steven | X4: =Calcutta!P15 -> Godhania, Vikas
A5: ='Master Player List'!L5 -> 1 | B5: ='Master Player List'!M5 -> 3 | C5: ='Master Player List'!C5 -> Harwood, Michael | D5: ='Master Player List'!F5 -> Diaz, Gerry | E5: ='Master Player List'!N5 -> Harwood, Michael | F5: =Calcutta!E13 -> 2200 | G5: ='Master Player List'!J5 -> 0.1 | H5: ='Master Player List'!E5 -> +0.5 | I5: ='Master Player List'!H5 -> 0.6 | L5: 1 | M5: 3 | N5: =Calcutta!I16 -> 2505 | O5: =Calcutta!J16 -> Paschke, Michael | P5: =Calcutta!K16 -> Edwards, Patric | S5: 1 | T5: Thursday | U5: 3 | V5: =Calcutta!$N$16 -> 445 | W5: =Calcutta!O16 -> Paschke, Michael | X5: =Calcutta!P16 -> Edwards, Patric
A6: ='Master Player List'!L6 -> 1 | B6: ='Master Player List'!M6 -> 4 | C6: ='Master Player List'!C6 -> Lambert, Jeff | D6: ='Master Player List'!F6 -> White, Jason | E6: ='Master Player List'!N6 -> Aghazadeh, Abdol | F6: =Calcutta!E14 -> 1900 | G6: ='Master Player List'!J6 -> 1.8 | H6: ='Master Player List'!E6 -> 0.5 | I6: ='Master Player List'!H6 -> 1.3 | L6: 2 | M6: 1 | N6: =Calcutta!I25 -> 6380 | O6: =Calcutta!J25 -> Sherman, Michael | P6: =Calcutta!K25 -> Brymer, Cory | S6: 1 | T6: Friday | U6: 1 | V6: =Calcutta!$N$14 -> 1120 | W6: =Calcutta!Q14 -> Paschke, Michael | X6: =Calcutta!R14 -> Edwards, Patric
A7: ='Master Player List'!L7 -> 1 | B7: ='Master Player List'!M7 -> 5 | C7: ='Master Player List'!C7 -> Kim, Steven | D7: ='Master Player List'!F7 -> Kerrigan, Mike | E7: ='Master Player List'!N7 -> Godhania, Vikas | F7: =Calcutta!E15 -> 1600 | G7: ='Master Player List'!J7 -> 2.9 | H7: ='Master Player List'!E7 -> 2.8 | I7: ='Master Player List'!H7 -> 0.1 | L7: 2 | M7: 2 | N7: =Calcutta!I26 -> 3830 | O7: =Calcutta!J26 -> Fulmer, Austen | P7: =Calcutta!K26 -> Aghazadeh, Abdol | S7: 1 | T7: Friday | U7: 2 | V7: =Calcutta!$N$15 -> 670 | W7: =Calcutta!Q15 -> Paschke, Michael | X7: =Calcutta!R15 -> Edwards, Patric
A8: ='Master Player List'!L8 -> 1 | B8: ='Master Player List'!M8 -> 6 | C8: ='Master Player List'!C8 -> Maples, Brent | D8: ='Master Player List'!F8 -> Buratto, Mark | E8: ='Master Player List'!N8 -> Maples, Brent | F8: =Calcutta!E16 -> 2500 | G8: ='Master Player List'!J8 -> 3.8 | H8: ='Master Player List'!E8 -> +0.7 | I8: ='Master Player List'!H8 -> 4.5 | L8: 2 | M8: 3 | N8: =Calcutta!I27 -> 2550 | O8: =Calcutta!J27 -> Lau, Jason | P8: =Calcutta!K27 -> Brymer, Cory | S8: 1 | T8: Friday | U8: 3 | V8: =Calcutta!$N$16 -> 445 | W8: =Calcutta!Q16 -> Paschke, Michael | X8: =Calcutta!R16 -> Edwards, Patric
A9: ='Master Player List'!L9 -> 1 | B9: ='Master Player List'!M9 -> 7 | C9: ='Master Player List'!C9 -> Darter, Bret | D9: ='Master Player List'!F9 -> Caldwell, Trey | E9: ='Master Player List'!N9 -> Darter, Bret | F9: =Calcutta!E17 -> 2200 | G9: ='Master Player List'!J9 -> 4.1 | H9: ='Master Player List'!E9 -> 0.2 | I9: ='Master Player List'!H9 -> 3.9 | L9: 3 | M9: 1 | N9: =Calcutta!I36 -> 4060 | O9: =Calcutta!J36 -> 0 | P9: =Calcutta!K36 -> #N/A | S9: 1 | T9: Saturday | U9: 1 | V9: =Calcutta!$N$14 -> 1120 | W9: =Calcutta!S14 -> Paschke, Michael | X9: =Calcutta!T14 -> Edwards, Patric
A10: ='Master Player List'!L10 -> 1 | B10: ='Master Player List'!M10 -> 8 | C10: ='Master Player List'!C10 -> Black, Gene | D10: ='Master Player List'!F10 -> Tilson, Scott | E10: ='Master Player List'!N10 -> Vidrine, Scot | F10: =Calcutta!E18 -> 3000 | G10: ='Master Player List'!J10 -> 4.5 | H10: ='Master Player List'!E10 -> 3.1 | I10: ='Master Player List'!H10 -> 1.4 | L10: 3 | M10: 2 | N10: =Calcutta!I37 -> 2435 | O10: =Calcutta!J37 -> Hill, Justin | P10: =Calcutta!K37 -> Vidrine, Scot | S10: 1 | T10: Saturday | U10: 2 | V10: =Calcutta!$N$15 -> 670 | W10: =Calcutta!S15 -> Kim, Steven | X10: =Calcutta!T15 -> Godhania, Vikas
A11: ='Master Player List'!L11 -> 2 | B11: ='Master Player List'!M11 -> 1 | C11: ='Master Player List'!C11 -> Lau, Jason | D11: ='Master Player List'!F11 -> Martin, Aaron | E11: ='Master Player List'!N11 -> Brymer, Cory | F11: =Calcutta!E22 -> 2600 | G11: ='Master Player List'!J11 -> 4.6 | H11: ='Master Player List'!E11 -> 4.7 | I11: ='Master Player List'!H11 -> +0.1 | L11: 3 | M11: 3 | N11: =Calcutta!I38 -> 1625 | O11: =Calcutta!J38 -> 0 | P11: =Calcutta!K38 -> #N/A | S11: 1 | T11: Saturday | U11: 3 | V11: =Calcutta!$N$16 -> 445 | W11: =Calcutta!S16 -> Paschke, Michael | X11: =Calcutta!T16 -> Edwards, Patric
A12: ='Master Player List'!L12 -> 2 | B12: ='Master Player List'!M12 -> 2 | C12: ='Master Player List'!C12 -> Peterson, Erik | D12: ='Master Player List'!F12 -> Ferrell, Ryan | E12: ='Master Player List'!N12 -> Aghazadeh, Abdol | F12: =Calcutta!E23 -> 2200 | G12: ='Master Player List'!J12 -> 5 | H12: ='Master Player List'!E12 -> 0 | I12: ='Master Player List'!H12 -> 5 | L12: 4 | M12: 1 | N12: =Calcutta!I47 -> 5925 | O12: =Calcutta!J47 -> Dietz, Jeffrey | P12: =Calcutta!K47 -> Aghazadeh, Abdol | S12: 2 | T12: Thursday | U12: 1 | V12: =Calcutta!$N$25 -> 1145 | W12: =Calcutta!O25 -> Escobar, Rafael | X12: =Calcutta!P25 -> Bohnen, John
A13: ='Master Player List'!L13 -> 2 | B13: ='Master Player List'!M13 -> 3 | C13: ='Master Player List'!C13 -> Fulmer, Austen | D13: ='Master Player List'!F13 -> Pacheco, Jeremy | E13: ='Master Player List'!N13 -> Aghazadeh, Abdol | F13: =Calcutta!E24 -> 2800 | G13: ='Master Player List'!J13 -> 5.1 | H13: ='Master Player List'!E13 -> +3.4 | I13: ='Master Player List'!H13 -> 8.5 | L13: 4 | M13: 2 | N13: =Calcutta!I48 -> 3555 | O13: =Calcutta!J48 -> Tionloc, Alex | P13: =Calcutta!K48 -> Vidrine, Scot | S13: 2 | T13: Thursday | U13: 2 | V13: =Calcutta!$N$26 -> 685 | W13: =Calcutta!O26 -> Sherman, Michael | X13: =Calcutta!P26 -> Brymer, Cory
A14: ='Master Player List'!L14 -> 2 | B14: ='Master Player List'!M14 -> 4 | C14: ='Master Player List'!C14 -> Escobar, Rafael | D14: ='Master Player List'!F14 -> Gillmor, Rob | E14: ='Master Player List'!N14 -> Bohnen, John | F14: =Calcutta!E25 -> 1800 | G14: ='Master Player List'!J14 -> 6 | H14: ='Master Player List'!E14 -> 1.5 | I14: ='Master Player List'!H14 -> 4.5 | L14: 4 | M14: 3 | N14: =Calcutta!I49 -> 2370 | O14: =Calcutta!J49 -> Redding, Scott | P14: =Calcutta!K49 -> Vaughn, Earl | S14: 2 | T14: Thursday | U14: 3 | V14: =Calcutta!$N$27 -> 455 | W14: =Calcutta!O27 -> Peterson, Erik | X14: =Calcutta!P27 -> Aghazadeh, Abdol
A15: ='Master Player List'!L15 -> 2 | B15: ='Master Player List'!M15 -> 5 | C15: ='Master Player List'!C15 -> Bellomio, Ron | D15: ='Master Player List'!F15 -> Boles, John | E15: ='Master Player List'!N15 -> Bellomio, Ron | F15: =Calcutta!E26 -> 3000 | G15: ='Master Player List'!J15 -> 6.1 | H15: ='Master Player List'!E15 -> 3.2 | I15: ='Master Player List'!H15 -> 2.9 | L15: 5 | M15: 1 | N15: =Calcutta!I58 -> 3635 | O15: =Calcutta!J58 -> Butler, Gregory | P15: =Calcutta!K58 -> Capone, Michael | S15: 2 | T15: Friday | U15: 1 | V15: =Calcutta!$N$25 -> 1145 | W15: =Calcutta!Q25 -> 0 | X15: =Calcutta!R25 -> #N/A
A16: ='Master Player List'!L16 -> 2 | B16: ='Master Player List'!M16 -> 6 | C16: ='Master Player List'!C16 -> Vaughn, Earl | D16: ='Master Player List'!F16 -> Cowden, Cole | E16: ='Master Player List'!N16 -> Godhania, Vikas | F16: =Calcutta!E27 -> 5000 | G16: ='Master Player List'!J16 -> 6.6 | H16: ='Master Player List'!E16 -> 2.9 | I16: ='Master Player List'!H16 -> 3.7 | L16: 5 | M16: 2 | N16: =Calcutta!I59 -> 2180 | O16: =Calcutta!J59 -> Turner, Trevor | P16: =Calcutta!K59 -> Fulmer, Austen | S16: 2 | T16: Friday | U16: 2 | V16: =Calcutta!$N$26 -> 685 | W16: =Calcutta!Q26 -> Bellomio, Ron | X16: =Calcutta!R26 -> Bellomio, Ron
A17: ='Master Player List'!L17 -> 2 | B17: ='Master Player List'!M17 -> 7 | C17: ='Master Player List'!C17 -> Jain, Nitin | D17: ='Master Player List'!F17 -> Friggle, Scott | E17: ='Master Player List'!N17 -> Wedgeworth, Cliff | F17: =Calcutta!E28 -> 1200 | G17: ='Master Player List'!J17 -> 7.5 | H17: ='Master Player List'!E17 -> 7.5 | I17: ='Master Player List'!H17 -> 0 | L17: 5 | M17: 3 | N17: =Calcutta!I60 -> 1450 | O17: =Calcutta!J60 -> Scott, Paul | P17: =Calcutta!K60 -> Schnautz, David | S17: 2 | T17: Friday | U17: 3 | V17: =Calcutta!$N$27 -> 455 | W17: =Calcutta!Q27 -> Sherman, Michael | X17: =Calcutta!R27 -> Brymer, Cory
A18: ='Master Player List'!L18 -> 2 | B18: ='Master Player List'!M18 -> 8 | C18: ='Master Player List'!C18 -> Purslow, Brock | D18: ='Master Player List'!F18 -> Thompson, Brad | E18: ='Master Player List'!N18 -> Drain, Zip | F18: =Calcutta!E29 -> 2400 | G18: ='Master Player List'!J18 -> 7.6 | H18: ='Master Player List'!E18 -> 0 | I18: ='Master Player List'!H18 -> 7.6 | L18: 6 | M18: 1 | N18: =Calcutta!I69 -> 3450 | O18: =Calcutta!J69 -> Sawyer, Ryan | P18: =Calcutta!K69 -> Fulmer, Austen | S18: 2 | T18: Saturday | U18: 1 | V18: =Calcutta!$N$25 -> 1145 | W18: =Calcutta!S25 -> Sherman, Michael | X18: =Calcutta!T25 -> Brymer, Cory
A19: ='Master Player List'!L19 -> 3 | B19: ='Master Player List'!M19 -> 1 | C19: ='Master Player List'!C19 -> Esau, Nickolai | D19: ='Master Player List'!F19 -> Esau, Rex | E19: ='Master Player List'!N19 -> Bohnen, John | F19: =Calcutta!E33 -> 1100 | G19: ='Master Player List'!J19 -> 8.8 | H19: ='Master Player List'!E19 -> +1 | I19: ='Master Player List'!H19 -> 9.8 | L19: 6 | M19: 2 | N19: =Calcutta!I70 -> 2070 | O19: =Calcutta!J70 -> 0 | P19: =Calcutta!K70 -> #N/A | S19: 2 | T19: Saturday | U19: 2 | V19: =Calcutta!$N$26 -> 685 | W19: =Calcutta!S26 -> Purslow, Brock | X19: =Calcutta!T26 -> Drain, Zip
A20: ='Master Player List'!L20 -> 3 | B20: ='Master Player List'!M20 -> 2 | C20: ='Master Player List'!C20 -> Scott, Jonathan | D20: ='Master Player List'!F20 -> McGowan, Marshall | E20: ='Master Player List'!N20 -> Scott, Jonathan | F20: =Calcutta!E34 -> 1100 | G20: ='Master Player List'!J20 -> 9 | H20: ='Master Player List'!E20 -> 2.4 | I20: ='Master Player List'!H20 -> 6.6 | L20: 6 | M20: 3 | N20: =Calcutta!I71 -> 1380 | O20: =Calcutta!J71 -> O'Farrell, Patrick | P20: =Calcutta!K71 -> Drain, Zip | S20: 2 | T20: Saturday | U20: 3 | V20: =Calcutta!$N$27 -> 455 | W20: =Calcutta!S27 -> 0 | X20: =Calcutta!T27 -> #N/A
A21: ='Master Player List'!L21 -> 3 | B21: ='Master Player List'!M21 -> 3 | C21: ='Master Player List'!C21 -> Hill, Justin | D21: ='Master Player List'!F21 -> Bobbitt, Jason | E21: ='Master Player List'!N21 -> Vidrine, Scot | F21: =Calcutta!E35 -> 1900 | G21: ='Master Player List'!J21 -> 9.1 | H21: ='Master Player List'!E21 -> 9.2 | I21: ='Master Player List'!H21 -> +0.1 | L21: 7 | M21: 1 | N21: =Calcutta!I80 -> 3115 | O21: =Calcutta!J80 -> Godhania, Vikas | P21: =Calcutta!K80 -> Edwards, Patric | S21: 3 | T21: Thursday | U21: 1 | V21: =Calcutta!$N$36 -> 725 | W21: =Calcutta!O36 -> 0 | X21: =Calcutta!P36 -> #N/A
A22: ='Master Player List'!L22 -> 3 | B22: ='Master Player List'!M22 -> 4 | C22: ='Master Player List'!C22 -> Ramirez, David | D22: ='Master Player List'!F22 -> May, Jason | E22: ='Master Player List'!N22 -> Aghazadeh, Abdol | F22: =Calcutta!E36 -> 2100 | G22: ='Master Player List'!J22 -> 9.2 | H22: ='Master Player List'!E22 -> 3.5 | I22: ='Master Player List'!H22 -> 5.7 | L22: 7 | M22: 2 | N22: =Calcutta!I81 -> 1865 | O22: =Calcutta!J81 -> Rzepniewski, Jason | P22: =Calcutta!K81 -> Rzepniewski, Jason | S22: 3 | T22: Thursday | U22: 2 | V22: =Calcutta!$N$37 -> 435 | W22: =Calcutta!O37 -> 0 | X22: =Calcutta!P37 -> #N/A
A23: ='Master Player List'!L23 -> 3 | B23: ='Master Player List'!M23 -> 5 | C23: ='Master Player List'!C23 -> Kellner, Timothy | D23: ='Master Player List'!F23 -> Flinn, Kyle | E23: ='Master Player List'!N23 -> Vaughn, Earl | F23: =Calcutta!E37 -> 2100 | G23: ='Master Player List'!J23 -> 9.5 | H23: ='Master Player List'!E23 -> 1.5 | I23: ='Master Player List'!H23 -> 8 | L23: 7 | M23: 3 | N23: =Calcutta!I82 -> 1245 | O23: =Calcutta!J82 -> Toombs, Chris | P23: =Calcutta!K82 -> Parent, Brian | S23: 3 | T23: Thursday | U23: 3 | V23: =Calcutta!$N$38 -> 290 | W23: =Calcutta!O38 -> Scott, Jonathan | X23: =Calcutta!P38 -> Scott, Jonathan
A24: ='Master Player List'!L24 -> 3 | B24: ='Master Player List'!M24 -> 6 | C24: ='Master Player List'!C24 -> Kromis, Daniel | D24: ='Master Player List'!F24 -> Wilson, David | E24: ='Master Player List'!N24 -> Kromis, Daniel | F24: =Calcutta!E38 -> 1800 | G24: ='Master Player List'!J24 -> 9.7 | H24: ='Master Player List'!E24 -> 4.5 | I24: ='Master Player List'!H24 -> 5.2 | L24: 8 | M24: 1 | N24: =Calcutta!I91 -> 2810 | O24: =Calcutta!J91 -> McDonald, David | P24: =Calcutta!K91 -> Schnautz, David | S24: 3 | T24: Friday | U24: 1 | V24: =Calcutta!$N$36 -> 725 | W24: =Calcutta!Q36 -> 0 | X24: =Calcutta!R36 -> #N/A
A25: ='Master Player List'!L25 -> 3 | B25: ='Master Player List'!M25 -> 7 | C25: ='Master Player List'!C25 -> Sherman, Michael | D25: ='Master Player List'!F25 -> Elvers, Nate | E25: ='Master Player List'!N25 -> Brymer, Cory | F25: =Calcutta!E39 -> 1900 | G25: ='Master Player List'!J25 -> 10.3 | H25: ='Master Player List'!E25 -> 7.5 | I25: ='Master Player List'!H25 -> 2.8 | L25: 8 | M25: 2 | N25: =Calcutta!I92 -> 1685 | O25: =Calcutta!J92 -> Korndorffer, Blake | P25: =Calcutta!K92 -> Aghazadeh, Abdol | S25: 3 | T25: Friday | U25: 2 | V25: =Calcutta!$N$37 -> 435 | W25: =Calcutta!Q37 -> 0 | X25: =Calcutta!R37 -> #N/A
A26: ='Master Player List'!L26 -> 3 | B26: ='Master Player List'!M26 -> 8 | C26: ='Master Player List'!C26 -> Jones, Jason | D26: ='Master Player List'!F26 -> Qualls, Michael | E26: ='Master Player List'!N26 -> Fulmer, Austen | F26: =Calcutta!E40 -> 1400 | G26: ='Master Player List'!J26 -> 10.3 | H26: ='Master Player List'!E26 -> 4.9 | I26: ='Master Player List'!H26 -> 5.4 | L26: 8 | M26: 3 | N26: =Calcutta!I93 -> 1120 | O26: =Calcutta!J93 -> Capone, Michael | P26: =Calcutta!K93 -> Capone, Michael | S26: 3 | T26: Friday | U26: 3 | V26: =Calcutta!$N$38 -> 290 | W26: =Calcutta!Q38 -> 0 | X26: =Calcutta!R38 -> #N/A
A27: ='Master Player List'!L27 -> 4 | B27: ='Master Player List'!M27 -> 1 | C27: ='Master Player List'!C27 -> Brymer, Cory | D27: ='Master Player List'!F27 -> Manas, Shane | E27: ='Master Player List'!N27 -> Jones, Jason | F27: =Calcutta!E44 -> 1900 | G27: ='Master Player List'!J27 -> 10.4 | H27: ='Master Player List'!E27 -> 4.4 | I27: ='Master Player List'!H27 -> 6 | L27: 9 | M27: 1 | N27: =Calcutta!I102 -> 2810 | O27: =Calcutta!J102 -> Kruchowsky, Tim | P27: =Calcutta!K102 -> Fulmer, Austen | S27: 3 | T27: Saturday | U27: 1 | V27: =Calcutta!$N$36 -> 725 | W27: =Calcutta!S36 -> 0 | X27: =Calcutta!T36 -> #N/A
A28: ='Master Player List'!L28 -> 4 | B28: ='Master Player List'!M28 -> 2 | C28: ='Master Player List'!C28 -> Ledet, Jim | D28: ='Master Player List'!F28 -> Doucet, Jamie | E28: ='Master Player List'!N28 -> Aghazadeh, Abdol | F28: =Calcutta!E45 -> 5100 | G28: ='Master Player List'!J28 -> 10.4 | H28: ='Master Player List'!E28 -> 4.6 | I28: ='Master Player List'!H28 -> 5.8 | L28: 9 | M28: 2 | N28: =Calcutta!I103 -> 1685 | O28: =Calcutta!J103 -> Grantham, Mark | P28: =Calcutta!K103 -> Grantham, Mark | S28: 3 | T28: Saturday | U28: 2 | V28: =Calcutta!$N$37 -> 435 | W28: =Calcutta!S37 -> 0 | X28: =Calcutta!T37 -> #N/A
A29: ='Master Player List'!L29 -> 4 | B29: ='Master Player List'!M29 -> 3 | C29: ='Master Player List'!C29 -> Nugent, Tim | D29: ='Master Player List'!F29 -> Williams, Jeff | E29: ='Master Player List'!N29 -> Vaughn, Earl | F29: =Calcutta!E46 -> 1600 | G29: ='Master Player List'!J29 -> 10.6 | H29: ='Master Player List'!E29 -> 6.9 | I29: ='Master Player List'!H29 -> 3.7 | L29: 9 | M29: 3 | N29: =Calcutta!I104 -> 1120 | O29: =Calcutta!J104 -> Clements, Jake | P29: =Calcutta!K104 -> Vaughn, Earl | S29: 3 | T29: Saturday | U29: 3 | V29: =Calcutta!$N$38 -> 290 | W29: =Calcutta!S38 -> 0 | X29: =Calcutta!T38 -> #N/A
A30: ='Master Player List'!L30 -> 4 | B30: ='Master Player List'!M30 -> 4 | C30: ='Master Player List'!C30 -> Dietz, Jeffrey | D30: ='Master Player List'!F30 -> Morris, Brian | E30: ='Master Player List'!N30 -> Aghazadeh, Abdol | F30: =Calcutta!E47 -> 3600 | G30: ='Master Player List'!J30 -> 10.8 | H30: ='Master Player List'!E30 -> 5.2 | I30: ='Master Player List'!H30 -> 5.6 | L30: 10 | M30: 1 | N30: =Calcutta!I113 -> 2505 | O30: =Calcutta!J113 -> Donohue, Robert | P30: =Calcutta!K113 -> Aghazadeh, Abdol | S30: 4 | T30: Thursday | U30: 1 | V30: =Calcutta!$N$47 -> 1060 | W30: =Calcutta!O47 -> 0 | X30: =Calcutta!P47 -> #N/A
A31: ='Master Player List'!L31 -> 4 | B31: ='Master Player List'!M31 -> 5 | C31: ='Master Player List'!C31 -> Tionloc, Alex | D31: ='Master Player List'!F31 -> Hicks, Clay | E31: ='Master Player List'!N31 -> Vidrine, Scot | F31: =Calcutta!E48 -> 2000 | G31: ='Master Player List'!J31 -> 11 | H31: ='Master Player List'!E31 -> 6 | I31: ='Master Player List'!H31 -> 5 | L31: 10 | M31: 2 | N31: =Calcutta!I114 -> 1500 | O31: =Calcutta!J114 -> Wedgeworth, Cliff | P31: =Calcutta!K114 -> Wedgeworth, Cliff | S31: 4 | T31: Thursday | U31: 2 | V31: =Calcutta!$N$48 -> 635 | W31: =Calcutta!O48 -> 0 | X31: =Calcutta!P48 -> #N/A
A32: ='Master Player List'!L32 -> 4 | B32: ='Master Player List'!M32 -> 6 | C32: ='Master Player List'!C32 -> Redding, Scott | D32: ='Master Player List'!F32 -> Redding, David | E32: ='Master Player List'!N32 -> Vaughn, Earl | F32: =Calcutta!E49 -> 1600 | G32: ='Master Player List'!J32 -> 11.8 | H32: ='Master Player List'!E32 -> 5.8 | I32: ='Master Player List'!H32 -> 6 | L32: 10 | M32: 3 | N32: =Calcutta!I115 -> 1000 | O32: =Calcutta!J115 -> Walters, Neil | P32: =Calcutta!K115 -> Grantham, Mark | S32: 4 | T32: Thursday | U32: 3 | V32: =Calcutta!$N$49 -> 425 | W32: =Calcutta!O49 -> 0 | X32: =Calcutta!P49 -> #N/A
A33: ='Master Player List'!L33 -> 4 | B33: ='Master Player List'!M33 -> 7 | C33: ='Master Player List'!C33 -> Waclawsky, Paul | D33: ='Master Player List'!F33 -> Anderson, John | E33: ='Master Player List'!N33 -> Aghazadeh, Abdol | F33: =Calcutta!E50 -> 1600 | G33: ='Master Player List'!J33 -> 12 | H33: ='Master Player List'!E33 -> 3.7 | I33: ='Master Player List'!H33 -> 8.3 | S33: 4 | T33: Friday | U33: 1 | V33: =Calcutta!$N$47 -> 1060 | W33: =Calcutta!Q47 -> 0 | X33: =Calcutta!R47 -> #N/A
A34: ='Master Player List'!L34 -> 4 | B34: ='Master Player List'!M34 -> 8 | C34: ='Master Player List'!C34 -> Erickson, Nick | D34: ='Master Player List'!F34 -> Erickson, Michael | E34: ='Master Player List'!N34 -> Cress, Pj | F34: =Calcutta!E51 -> 2100 | G34: ='Master Player List'!J34 -> 12.3 | H34: ='Master Player List'!E34 -> +0.1 | I34: ='Master Player List'!H34 -> 12.4 | S34: 4 | T34: Friday | U34: 2 | V34: =Calcutta!$N$48 -> 635 | W34: =Calcutta!Q48 -> 0 | X34: =Calcutta!R48 -> #N/A
A35: ='Master Player List'!L35 -> 5 | B35: ='Master Player List'!M35 -> 1 | C35: ='Master Player List'!C35 -> Scott, Paul | D35: ='Master Player List'!F35 -> Stopnik, Sean | E35: ='Master Player List'!N35 -> Schnautz, David | F35: =Calcutta!E55 -> 2000 | G35: ='Master Player List'!J35 -> 12.5 | H35: ='Master Player List'!E35 -> 11 | I35: ='Master Player List'!H35 -> 1.5 | S35: 4 | T35: Friday | U35: 3 | V35: =Calcutta!$N$49 -> 425 | W35: =Calcutta!Q49 -> 0 | X35: =Calcutta!R49 -> #N/A
A36: ='Master Player List'!L36 -> 5 | B36: ='Master Player List'!M36 -> 2 | C36: ='Master Player List'!C36 -> Marusco, Austin | D36: ='Master Player List'!F36 -> Joyce, Brendan | E36: ='Master Player List'!N36 -> Parent, Brian | F36: =Calcutta!E56 -> 1900 | G36: ='Master Player List'!J36 -> 12.8 | H36: ='Master Player List'!E36 -> 9.1 | I36: ='Master Player List'!H36 -> 3.7 | S36: 4 | T36: Saturday | U36: 1 | V36: =Calcutta!$N$47 -> 1060 | W36: =Calcutta!S47 -> 0 | X36: =Calcutta!T47 -> #N/A
A37: ='Master Player List'!L37 -> 5 | B37: ='Master Player List'!M37 -> 3 | C37: ='Master Player List'!C37 -> Butler, Gregory | D37: ='Master Player List'!F37 -> Butler, Jonathan | E37: ='Master Player List'!N37 -> Capone, Michael | F37: =Calcutta!E57 -> 1100 | G37: ='Master Player List'!J37 -> 12.9 | H37: ='Master Player List'!E37 -> 7.1 | I37: ='Master Player List'!H37 -> 5.8 | S37: 4 | T37: Saturday | U37: 2 | V37: =Calcutta!$N$48 -> 635 | W37: =Calcutta!S48 -> 0 | X37: =Calcutta!T48 -> #N/A
A38: ='Master Player List'!L38 -> 5 | B38: ='Master Player List'!M38 -> 4 | C38: ='Master Player List'!C38 -> Drain, Zip | D38: ='Master Player List'!F38 -> Lange, Mark | E38: ='Master Player List'!N38 -> Butler, Gregory | F38: =Calcutta!E58 -> 1400 | G38: ='Master Player List'!J38 -> 13.2 | H38: ='Master Player List'!E38 -> 8 | I38: ='Master Player List'!H38 -> 5.2 | S38: 4 | T38: Saturday | U38: 3 | V38: =Calcutta!$N$49 -> 425 | W38: =Calcutta!S49 -> 0 | X38: =Calcutta!T49 -> #N/A
A39: ='Master Player List'!L39 -> 5 | B39: ='Master Player List'!M39 -> 5 | C39: ='Master Player List'!C39 -> Turner, Trevor | D39: ='Master Player List'!F39 -> Sherman, John | E39: ='Master Player List'!N39 -> Fulmer, Austen | F39: =Calcutta!E59 -> 1400 | G39: ='Master Player List'!J39 -> 13.3 | H39: ='Master Player List'!E39 -> 4 | I39: ='Master Player List'!H39 -> 9.3 | S39: 5 | T39: Thursday | U39: 1 | V39: =Calcutta!$N$58 -> 650 | W39: =Calcutta!O58 -> Butler, Gregory | X39: =Calcutta!P58 -> Capone, Michael
A40: ='Master Player List'!L40 -> 5 | B40: ='Master Player List'!M40 -> 6 | C40: ='Master Player List'!C40 -> Spisak, Brian | D40: ='Master Player List'!F40 -> Haarberg, Casey | E40: ='Master Player List'!N40 -> Spisak, Brian | F40: =Calcutta!E60 -> 1300 | G40: ='Master Player List'!J40 -> 13.5 | H40: ='Master Player List'!E40 -> 6.9 | I40: ='Master Player List'!H40 -> 6.6 | S40: 5 | T40: Thursday | U40: 2 | V40: =Calcutta!$N$59 -> 390 | W40: =Calcutta!O59 -> 0 | X40: =Calcutta!P59 -> #N/A
A41: ='Master Player List'!L41 -> 5 | B41: ='Master Player List'!M41 -> 7 | C41: ='Master Player List'!C41 -> Munoz, Juan | D41: ='Master Player List'!F41 -> Sanchez, Bert | E41: ='Master Player List'!N41 -> Aghazadeh, Abdol | F41: =Calcutta!E61 -> 1700 | G41: ='Master Player List'!J41 -> 13.7 | H41: ='Master Player List'!E41 -> 7.4 | I41: ='Master Player List'!H41 -> 6.3 | S41: 5 | T41: Thursday | U41: 3 | V41: =Calcutta!$N$60 -> 260 | W41: =Calcutta!O60 -> 0 | X41: =Calcutta!P60 -> #N/A
A42: ='Master Player List'!L42 -> 5 | B42: ='Master Player List'!M42 -> 8 | C42: ='Master Player List'!C42 -> Samsel, Steve | D42: ='Master Player List'!F42 -> Whiston, Patrick | E42: ='Master Player List'!N42 -> Samsel, Steve | F42: =Calcutta!E62 -> 1200 | G42: ='Master Player List'!J42 -> 15.2 | H42: ='Master Player List'!E42 -> 2.7 | I42: ='Master Player List'!H42 -> 12.5 | S42: 5 | T42: Friday | U42: 1 | V42: =Calcutta!$N$58 -> 650 | W42: =Calcutta!Q58 -> 0 | X42: =Calcutta!R58 -> #N/A
A43: ='Master Player List'!L43 -> 6 | B43: ='Master Player List'!M43 -> 1 | C43: ='Master Player List'!C43 -> French, Arthur | D43: ='Master Player List'!F43 -> Reese, Brian | E43: ='Master Player List'!N43 -> French, Arthur | F43: =Calcutta!E66 -> 1000 | G43: ='Master Player List'!J43 -> 15.2 | H43: ='Master Player List'!E43 -> 10.4 | I43: ='Master Player List'!H43 -> 4.8 | S43: 5 | T43: Friday | U43: 2 | V43: =Calcutta!$N$59 -> 390 | W43: =Calcutta!Q59 -> 0 | X43: =Calcutta!R59 -> #N/A
A44: ='Master Player List'!L44 -> 6 | B44: ='Master Player List'!M44 -> 2 | C44: ='Master Player List'!C44 -> Aghazadeh, Abdol | D44: ='Master Player List'!F44 -> Khorzad, Kaveh | E44: ='Master Player List'!N44 -> Brymer, Cory | F44: =Calcutta!E67 -> 2500 | G44: ='Master Player List'!J44 -> 15.5 | H44: ='Master Player List'!E44 -> 5.3 | I44: ='Master Player List'!H44 -> 10.2 | S44: 5 | T44: Friday | U44: 3 | V44: =Calcutta!$N$60 -> 260 | W44: =Calcutta!Q60 -> 0 | X44: =Calcutta!R60 -> #N/A
A45: ='Master Player List'!L45 -> 6 | B45: ='Master Player List'!M45 -> 3 | C45: ='Master Player List'!C45 -> Burton, Aaron | D45: ='Master Player List'!F45 -> Krueger, Kyle | E45: ='Master Player List'!N45 -> Vaughn, Earl | F45: =Calcutta!E68 -> 1500 | G45: ='Master Player List'!J45 -> 15.8 | H45: ='Master Player List'!E45 -> 5.7 | I45: ='Master Player List'!H45 -> 10.1 | S45: 5 | T45: Saturday | U45: 1 | V45: =Calcutta!$N$58 -> 650 | W45: =Calcutta!S58 -> 0 | X45: =Calcutta!T58 -> #N/A
A46: ='Master Player List'!L46 -> 6 | B46: ='Master Player List'!M46 -> 4 | C46: ='Master Player List'!C46 -> Crutcher, Ian | D46: ='Master Player List'!F46 -> Crutcher, Jonathan | E46: ='Master Player List'!N46 -> Crutcher, Ian | F46: =Calcutta!E69 -> 1500 | G46: ='Master Player List'!J46 -> 15.9 | H46: ='Master Player List'!E46 -> 3.5 | I46: ='Master Player List'!H46 -> 12.4 | S46: 5 | T46: Saturday | U46: 2 | V46: =Calcutta!$N$59 -> 390 | W46: =Calcutta!S59 -> 0 | X46: =Calcutta!T59 -> #N/A
A47: ='Master Player List'!L47 -> 6 | B47: ='Master Player List'!M47 -> 5 | C47: ='Master Player List'!C47 -> Shulman, Brandon | D47: ='Master Player List'!F47 -> Schietinger, John | E47: ='Master Player List'!N47 -> Grantham, Mark | F47: =Calcutta!E70 -> 1000 | G47: ='Master Player List'!J47 -> 16 | H47: ='Master Player List'!E47 -> 10.1 | I47: ='Master Player List'!H47 -> 5.9 | S47: 5 | T47: Saturday | U47: 3 | V47: =Calcutta!$N$60 -> 260 | W47: =Calcutta!S60 -> 0 | X47: =Calcutta!T60 -> #N/A
A48: ='Master Player List'!L48 -> 6 | B48: ='Master Player List'!M48 -> 6 | C48: ='Master Player List'!C48 -> Sawyer, Ryan | D48: ='Master Player List'!F48 -> Resnick, Dan | E48: ='Master Player List'!N48 -> Fulmer, Austen | F48: =Calcutta!E71 -> 1300 | G48: ='Master Player List'!J48 -> 16 | H48: ='Master Player List'!E48 -> 7.5 | I48: ='Master Player List'!H48 -> 8.5 | S48: 6 | T48: Thursday | U48: 1 | V48: =Calcutta!$N$69 -> 615 | W48: =Calcutta!O69 -> Crutcher, Ian | X48: =Calcutta!P69 -> Crutcher, Ian
A49: ='Master Player List'!L49 -> 6 | B49: ='Master Player List'!M49 -> 7 | C49: ='Master Player List'!C49 -> O'Farrell, Patrick | D49: ='Master Player List'!F49 -> Elder, Forrest | E49: ='Master Player List'!N49 -> Drain, Zip | F49: =Calcutta!E72 -> 1400 | G49: ='Master Player List'!J49 -> 16.6 | H49: ='Master Player List'!E49 -> 2.3 | I49: ='Master Player List'!H49 -> 14.3 | S49: 6 | T49: Thursday | U49: 2 | V49: =Calcutta!$N$70 -> 370 | W49: =Calcutta!O70 -> 0 | X49: =Calcutta!P70 -> #N/A
A50: ='Master Player List'!L50 -> 6 | B50: ='Master Player List'!M50 -> 8 | C50: ='Master Player List'!C50 -> Vidrine, Scot | D50: ='Master Player List'!F50 -> Nicholson, Scott | E50: ='Master Player List'!N50 -> Lau, Jason | F50: =Calcutta!E73 -> 1200 | G50: ='Master Player List'!J50 -> 16.7 | H50: ='Master Player List'!E50 -> 5.5 | I50: ='Master Player List'!H50 -> 11.2 | S50: 6 | T50: Thursday | U50: 3 | V50: =Calcutta!$N$71 -> 245 | W50: =Calcutta!O71 -> 0 | X50: =Calcutta!P71 -> #N/A
A51: ='Master Player List'!L51 -> 7 | B51: ='Master Player List'!M51 -> 1 | C51: ='Master Player List'!C51 -> Rzepniewski, Jason | D51: ='Master Player List'!F51 -> VanNoller, John | E51: ='Master Player List'!N51 -> Rzepniewski, Jason | F51: =Calcutta!E77 -> 1500 | G51: ='Master Player List'!J51 -> 17.1 | H51: ='Master Player List'!E51 -> 7.2 | I51: ='Master Player List'!H51 -> 9.9 | S51: 6 | T51: Friday | U51: 1 | V51: =Calcutta!$N$69 -> 615 | W51: =Calcutta!Q69 -> 0 | X51: =Calcutta!R69 -> #N/A
A52: ='Master Player List'!L52 -> 7 | B52: ='Master Player List'!M52 -> 2 | C52: ='Master Player List'!C52 -> Patel, Bhav | D52: ='Master Player List'!F52 -> Ballou, Bob | E52: ='Master Player List'!N52 -> Wedgeworth, Cliff | F52: =Calcutta!E78 -> 1500 | G52: ='Master Player List'!J52 -> 17.1 | H52: ='Master Player List'!E52 -> 8 | I52: ='Master Player List'!H52 -> 9.1 | S52: 6 | T52: Friday | U52: 2 | V52: =Calcutta!$N$70 -> 370 | W52: =Calcutta!Q70 -> Shulman, Brandon | X52: =Calcutta!R70 -> Grantham, Mark
A53: ='Master Player List'!L53 -> 7 | B53: ='Master Player List'!M53 -> 3 | C53: ='Master Player List'!C53 -> Ryan, Mike | D53: ='Master Player List'!F53 -> Enberg, Erik | E53: ='Master Player List'!N53 -> Grantham, Mark | F53: =Calcutta!E79 -> 1200 | G53: ='Master Player List'!J53 -> 17.4 | H53: ='Master Player List'!E53 -> 10.1 | I53: ='Master Player List'!H53 -> 7.3 | S53: 6 | T53: Friday | U53: 3 | V53: =Calcutta!$N$71 -> 245 | W53: =Calcutta!Q71 -> 0 | X53: =Calcutta!R71 -> #N/A
A54: ='Master Player List'!L54 -> 7 | B54: ='Master Player List'!M54 -> 4 | C54: ='Master Player List'!C54 -> Toombs, Chris | D54: ='Master Player List'!F54 -> March, James | E54: ='Master Player List'!N54 -> Parent, Brian | F54: =Calcutta!E80 -> 900 | G54: ='Master Player List'!J54 -> 17.4 | H54: ='Master Player List'!E54 -> 8.4 | I54: ='Master Player List'!H54 -> 9 | S54: 6 | T54: Saturday | U54: 1 | V54: =Calcutta!$N$69 -> 615 | W54: =Calcutta!S69 -> French, Arthur | X54: =Calcutta!T69 -> French, Arthur
A55: ='Master Player List'!L55 -> 7 | B55: ='Master Player List'!M55 -> 5 | C55: ='Master Player List'!C55 -> Conwell, Jerry | D55: ='Master Player List'!F55 -> Kendrick, Collin | E55: ='Master Player List'!N55 -> Schnautz, David | F55: =Calcutta!E81 -> 2200 | G55: ='Master Player List'!J55 -> 17.5 | H55: ='Master Player List'!E55 -> 3.4 | I55: ='Master Player List'!H55 -> 14.1 | S55: 6 | T55: Saturday | U55: 2 | V55: =Calcutta!$N$70 -> 370 | W55: =Calcutta!S70 -> 0 | X55: =Calcutta!T70 -> #N/A
A56: ='Master Player List'!L56 -> 7 | B56: ='Master Player List'!M56 -> 6 | C56: ='Master Player List'!C56 -> Oster, Neil | D56: ='Master Player List'!F56 -> Clark, Andrew | E56: ='Master Player List'!N56 -> Aghazadeh, Abdol | F56: =Calcutta!E82 -> 1200 | G56: ='Master Player List'!J56 -> 18.1 | H56: ='Master Player List'!E56 -> 6.9 | I56: ='Master Player List'!H56 -> 11.2 | S56: 6 | T56: Saturday | U56: 3 | V56: =Calcutta!$N$71 -> 245 | W56: =Calcutta!S71 -> 0 | X56: =Calcutta!T71 -> #N/A
A57: ='Master Player List'!L57 -> 7 | B57: ='Master Player List'!M57 -> 7 | C57: ='Master Player List'!C57 -> Godhania, Vikas | D57: ='Master Player List'!F57 -> Mosqueda, Scott | E57: ='Master Player List'!N57 -> Edwards, Patric | F57: =Calcutta!E83 -> 1000 | G57: ='Master Player List'!J57 -> 18.1 | H57: ='Master Player List'!E57 -> 9.4 | I57: ='Master Player List'!H57 -> 8.7 | S57: 7 | T57: Thursday | U57: 1 | V57: =Calcutta!$N$80 -> 555 | W57: =Calcutta!O80 -> Patel, Bhav | X57: =Calcutta!P80 -> Wedgeworth, Cliff
A58: ='Master Player List'!L58 -> 7 | B58: ='Master Player List'!M58 -> 8 | C58: ='Master Player List'!C58 -> Edwards, Patric | D58: ='Master Player List'!F58 -> Lorts, Anthony | E58: ='Master Player List'!N58 -> Edwards, Patric | F58: =Calcutta!E84 -> 800 | G58: ='Master Player List'!J58 -> 18.4 | H58: ='Master Player List'!E58 -> 8.8 | I58: ='Master Player List'!H58 -> 9.6 | S58: 7 | T58: Thursday | U58: 2 | V58: =Calcutta!$N$81 -> 335 | W58: =Calcutta!O81 -> Ryan, Mike | X58: =Calcutta!P81 -> Grantham, Mark
A59: ='Master Player List'!L59 -> 8 | B59: ='Master Player List'!M59 -> 1 | C59: ='Master Player List'!C59 -> Jackson, Eric | D59: ='Master Player List'!F59 -> Jackson, Paul | E59: ='Master Player List'!N59 -> Aghazadeh, Abdol | F59: =Calcutta!E88 -> 600 | G59: ='Master Player List'!J59 -> 18.8 | H59: ='Master Player List'!E59 -> 9.8 | I59: ='Master Player List'!H59 -> 9 | S59: 7 | T59: Thursday | U59: 3 | V59: =Calcutta!$N$82 -> 220 | W59: =Calcutta!O82 -> 0 | X59: =Calcutta!P82 -> #N/A
A60: ='Master Player List'!L60 -> 8 | B60: ='Master Player List'!M60 -> 2 | C60: ='Master Player List'!C60 -> Kandala, Ravi | D60: ='Master Player List'!F60 -> Reddy, Shireesh | E60: ='Master Player List'!N60 -> Kandala, Ravi | F60: =Calcutta!E89 -> 1100 | G60: ='Master Player List'!J60 -> 19.2 | H60: ='Master Player List'!E60 -> 6.2 | I60: ='Master Player List'!H60 -> 13 | S60: 7 | T60: Friday | U60: 1 | V60: =Calcutta!$N$80 -> 555 | W60: =Calcutta!Q80 -> Patel, Bhav | X60: =Calcutta!R80 -> Wedgeworth, Cliff
A61: ='Master Player List'!L61 -> 8 | B61: ='Master Player List'!M61 -> 3 | C61: ='Master Player List'!C61 -> Korndorffer, Blake | D61: ='Master Player List'!F61 -> Korndorffer, Brad | E61: ='Master Player List'!N61 -> Aghazadeh, Abdol | F61: =Calcutta!E90 -> 1500 | G61: ='Master Player List'!J61 -> 19.6 | H61: ='Master Player List'!E61 -> 2.6 | I61: ='Master Player List'!H61 -> 17 | S61: 7 | T61: Friday | U61: 2 | V61: =Calcutta!$N$81 -> 335 | W61: =Calcutta!Q81 -> 0 | X61: =Calcutta!R81 -> #N/A
A62: ='Master Player List'!L62 -> 8 | B62: ='Master Player List'!M62 -> 4 | C62: ='Master Player List'!C62 -> McDonald, David | D62: ='Master Player List'!F62 -> Williams, Drew | E62: ='Master Player List'!N62 -> Schnautz, David | F62: =Calcutta!E91 -> 1000 | G62: ='Master Player List'!J62 -> 20 | H62: ='Master Player List'!E62 -> 6.2 | I62: ='Master Player List'!H62 -> 13.8 | S62: 7 | T62: Friday | U62: 3 | V62: =Calcutta!$N$82 -> 220 | W62: =Calcutta!Q82 -> 0 | X62: =Calcutta!R82 -> #N/A
A63: ='Master Player List'!L63 -> 8 | B63: ='Master Player List'!M63 -> 5 | C63: ='Master Player List'!C63 -> Schedler, Chris | D63: ='Master Player List'!F63 -> Barrs, Eric | E63: ='Master Player List'!N63 -> Maples, Brent | F63: =Calcutta!E92 -> 1300 | G63: ='Master Player List'!J63 -> 20.2 | H63: ='Master Player List'!E63 -> 12.1 | I63: ='Master Player List'!H63 -> 8.1 | S63: 7 | T63: Saturday | U63: 1 | V63: =Calcutta!$N$80 -> 555 | W63: =Calcutta!S80 -> 0 | X63: =Calcutta!T80 -> #N/A
A64: ='Master Player List'!L64 -> 8 | B64: ='Master Player List'!M64 -> 6 | C64: ='Master Player List'!C64 -> Weaver, Brian | D64: ='Master Player List'!F64 -> Kenney, Michael | E64: ='Master Player List'!N64 -> Weaver, Brian | F64: =Calcutta!E93 -> 1000 | G64: ='Master Player List'!J64 -> 20.5 | H64: ='Master Player List'!E64 -> 15.9 | I64: ='Master Player List'!H64 -> 4.6 | S64: 7 | T64: Saturday | U64: 2 | V64: =Calcutta!$N$81 -> 335 | W64: =Calcutta!S81 -> Oster, Neil | X64: =Calcutta!T81 -> Aghazadeh, Abdol
A65: ='Master Player List'!L65 -> 8 | B65: ='Master Player List'!M65 -> 7 | C65: ='Master Player List'!C65 -> Capone, Michael | D65: ='Master Player List'!F65 -> Simpson, Corey | E65: ='Master Player List'!N65 -> Capone, Michael | F65: =Calcutta!E94 -> 1100 | G65: ='Master Player List'!J65 -> 21.4 | H65: ='Master Player List'!E65 -> 16.3 | I65: ='Master Player List'!H65 -> 5.1 | S65: 7 | T65: Saturday | U65: 3 | V65: =Calcutta!$N$82 -> 220 | W65: =Calcutta!S82 -> 0 | X65: =Calcutta!T82 -> #N/A
A66: ='Master Player List'!L66 -> 8 | B66: ='Master Player List'!M66 -> 8 | C66: ='Master Player List'!C66 -> Manganaro, Tony | D66: ='Master Player List'!F66 -> Richgels, Kevin | E66: ='Master Player List'!N66 -> Brymer, Cory | F66: =Calcutta!E95 -> 1700 | G66: ='Master Player List'!J66 -> 22.3 | H66: ='Master Player List'!E66 -> 8.8 | I66: ='Master Player List'!H66 -> 13.5 | S66: 8 | T66: Thursday | U66: 1 | V66: =Calcutta!$N$91 -> 500 | W66: =Calcutta!O91 -> 0 | X66: =Calcutta!P91 -> #N/A
A67: ='Master Player List'!L67 -> 9 | B67: ='Master Player List'!M67 -> 1 | C67: ='Master Player List'!C67 -> Cress, Pj | D67: ='Master Player List'!F67 -> Rojas, Juan | E67: ='Master Player List'!N67 -> Capone, Michael | F67: =Calcutta!E99 -> 1000 | G67: ='Master Player List'!J67 -> 22.7 | H67: ='Master Player List'!E67 -> 8.6 | I67: ='Master Player List'!H67 -> 14.1 | S67: 8 | T67: Thursday | U67: 2 | V67: =Calcutta!$N$92 -> 300 | W67: =Calcutta!O92 -> Weaver, Brian | X67: =Calcutta!P92 -> Weaver, Brian
A68: ='Master Player List'!L68 -> 9 | B68: ='Master Player List'!M68 -> 2 | C68: ='Master Player List'!C68 -> Bohnen, John | D68: ='Master Player List'!F68 -> Cobb, Tony | E68: ='Master Player List'!N68 -> Bohnen, John | F68: =Calcutta!E100 -> 1300 | G68: ='Master Player List'!J68 -> 23 | H68: ='Master Player List'!E68 -> 5.1 | I68: ='Master Player List'!H68 -> 17.9 | S68: 8 | T68: Thursday | U68: 3 | V68: =Calcutta!$N$93 -> 200 | W68: =Calcutta!O93 -> 0 | X68: =Calcutta!P93 -> #N/A
A69: ='Master Player List'!L69 -> 9 | B69: ='Master Player List'!M69 -> 3 | C69: ='Master Player List'!C69 -> Clements, Jake | D69: ='Master Player List'!F69 -> Clements, Roy | E69: ='Master Player List'!N69 -> Vaughn, Earl | F69: =Calcutta!E101 -> 800 | G69: ='Master Player List'!J69 -> 23.7 | H69: ='Master Player List'!E69 -> 13.4 | I69: ='Master Player List'!H69 -> 10.3 | S69: 8 | T69: Friday | U69: 1 | V69: =Calcutta!$N$91 -> 500 | W69: =Calcutta!Q91 -> Capone, Michael | X69: =Calcutta!R91 -> Capone, Michael
A70: ='Master Player List'!L70 -> 9 | B70: ='Master Player List'!M70 -> 4 | C70: ='Master Player List'!C70 -> Altamirano, Joe | D70: ='Master Player List'!F70 -> Khanna, Ashish | E70: ='Master Player List'!N70 -> Altamirano, Joe | F70: =Calcutta!E102 -> 900 | G70: ='Master Player List'!J70 -> 23.9 | H70: ='Master Player List'!E70 -> 15.6 | I70: ='Master Player List'!H70 -> 8.3 | S70: 8 | T70: Friday | U70: 2 | V70: =Calcutta!$N$92 -> 300 | W70: =Calcutta!Q92 -> 0 | X70: =Calcutta!R92 -> #N/A
A71: ='Master Player List'!L71 -> 9 | B71: ='Master Player List'!M71 -> 5 | C71: ='Master Player List'!C71 -> Barney, Jorge | D71: ='Master Player List'!F71 -> Barney, Robert | E71: ='Master Player List'!N71 -> Edwards, Patric | F71: =Calcutta!E103 -> 1400 | G71: ='Master Player List'!J71 -> 24.1 | H71: ='Master Player List'!E71 -> 6.4 | I71: ='Master Player List'!H71 -> 17.7 | S71: 8 | T71: Friday | U71: 3 | V71: =Calcutta!$N$93 -> 200 | W71: =Calcutta!Q93 -> 0 | X71: =Calcutta!R93 -> #N/A
A72: ='Master Player List'!L72 -> 9 | B72: ='Master Player List'!M72 -> 6 | C72: ='Master Player List'!C72 -> Schnautz, David | D72: ='Master Player List'!F72 -> Pierson, Kevin | E72: ='Master Player List'!N72 -> Schnautz, David | F72: =Calcutta!E104 -> 1100 | G72: ='Master Player List'!J72 -> 24.1 | H72: ='Master Player List'!E72 -> 17.7 | I72: ='Master Player List'!H72 -> 6.4 | S72: 8 | T72: Saturday | U72: 1 | V72: =Calcutta!$N$91 -> 500 | W72: =Calcutta!S91 -> 0 | X72: =Calcutta!T91 -> #N/A
A73: ='Master Player List'!L73 -> 9 | B73: ='Master Player List'!M73 -> 7 | C73: ='Master Player List'!C73 -> Grantham, Mark | D73: ='Master Player List'!F73 -> Shaw, Stuart | E73: ='Master Player List'!N73 -> Grantham, Mark | F73: =Calcutta!E105 -> 1100 | G73: ='Master Player List'!J73 -> 25.5 | H73: ='Master Player List'!E73 -> 13 | I73: ='Master Player List'!H73 -> 12.5 | S73: 8 | T73: Saturday | U73: 2 | V73: =Calcutta!$N$92 -> 300 | W73: =Calcutta!S92 -> 0 | X73: =Calcutta!T92 -> #N/A
A74: ='Master Player List'!L74 -> 9 | B74: ='Master Player List'!M74 -> 8 | C74: ='Master Player List'!C74 -> Kruchowsky, Tim | D74: ='Master Player List'!F74 -> Mathers, Jb | E74: ='Master Player List'!N74 -> Fulmer, Austen | F74: =Calcutta!E106 -> 1700 | G74: ='Master Player List'!J74 -> 27.2 | H74: ='Master Player List'!E74 -> 12.4 | I74: ='Master Player List'!H74 -> 14.8 | S74: 8 | T74: Saturday | U74: 3 | V74: =Calcutta!$N$93 -> 200 | W74: =Calcutta!S93 -> Kandala, Ravi | X74: =Calcutta!T93 -> Kandala, Ravi
A75: ='Master Player List'!L75 -> 10 | B75: ='Master Player List'!M75 -> 1 | C75: ='Master Player List'!C75 -> Deangelis, Adam | D75: ='Master Player List'!F75 -> Carter, William | E75: ='Master Player List'!N75 -> Vaughn, Earl | F75: =Calcutta!E110 -> 1400 | G75: ='Master Player List'!J75 -> 27.7 | H75: ='Master Player List'!E75 -> 10 | I75: ='Master Player List'!H75 -> 17.7 | S75: 9 | T75: Thursday | U75: 1 | V75: =Calcutta!$N$102 -> 500 | W75: =Calcutta!O102 -> Bohnen, John | X75: =Calcutta!P102 -> Bohnen, John
A76: ='Master Player List'!L76 -> 10 | B76: ='Master Player List'!M76 -> 2 | C76: ='Master Player List'!C76 -> Walters, Neil | D76: ='Master Player List'!F76 -> Ballard, Tom | E76: ='Master Player List'!N76 -> Grantham, Mark | F76: =Calcutta!E111 -> 800 | G76: ='Master Player List'!J76 -> 29.3 | H76: ='Master Player List'!E76 -> 12 | I76: ='Master Player List'!H76 -> 17.3 | S76: 9 | T76: Thursday | U76: 2 | V76: =Calcutta!$N$103 -> 300 | W76: =Calcutta!O103 -> 0 | X76: =Calcutta!P103 -> #N/A
A77: ='Master Player List'!L77 -> 10 | B77: ='Master Player List'!M77 -> 3 | C77: ='Master Player List'!C77 -> Wedgeworth, Cliff | D77: ='Master Player List'!F77 -> Halbert, Trey | E77: ='Master Player List'!N77 -> Wedgeworth, Cliff | F77: =Calcutta!E112 -> 1000 | G77: ='Master Player List'!J77 -> 30.1 | H77: ='Master Player List'!E77 -> 15.9 | I77: ='Master Player List'!H77 -> 14.2 | S77: 9 | T77: Thursday | U77: 3 | V77: =Calcutta!$N$104 -> 200 | W77: =Calcutta!O104 -> 0 | X77: =Calcutta!P104 -> #N/A
A78: ='Master Player List'!L78 -> 10 | B78: ='Master Player List'!M78 -> 4 | C78: ='Master Player List'!C78 -> Donohue, Robert | D78: ='Master Player List'!F78 -> Edwards, Mark | E78: ='Master Player List'!N78 -> Aghazadeh, Abdol | F78: =Calcutta!E113 -> 800 | G78: ='Master Player List'!J78 -> 30.6 | H78: ='Master Player List'!E78 -> 17.1 | I78: ='Master Player List'!H78 -> 13.5 | S78: 9 | T78: Friday | U78: 1 | V78: =Calcutta!$N$102 -> 500 | W78: =Calcutta!Q102 -> Schnautz, David | X78: =Calcutta!R102 -> Schnautz, David
A79: ='Master Player List'!L79 -> 10 | B79: ='Master Player List'!M79 -> 5 | C79: ='Master Player List'!C79 -> Patterson, Taylor | D79: ='Master Player List'!F79 -> Perkinson, Sebastian | E79: ='Master Player List'!N79 -> Edwards, Patric | F79: =Calcutta!E114 -> 1000 | G79: ='Master Player List'!J79 -> 30.8 | H79: ='Master Player List'!E79 -> 14.8 | I79: ='Master Player List'!H79 -> 16 | S79: 9 | T79: Friday | U79: 2 | V79: =Calcutta!$N$103 -> 300 | W79: =Calcutta!Q103 -> Altamirano, Joe | X79: =Calcutta!R103 -> Altamirano, Joe
A80: ='Master Player List'!L80 -> 10 | B80: ='Master Player List'!M80 -> 6 | C80: ='Master Player List'!C80 -> Nesbitt, David | D80: ='Master Player List'!F80 -> Parnell, Chris | E80: ='Master Player List'!N80 -> Cress, Pj | F80: =Calcutta!E115 -> 800 | G80: ='Master Player List'!J80 -> 32 | H80: ='Master Player List'!E80 -> 13.5 | I80: ='Master Player List'!H80 -> 18.5 | S80: 9 | T80: Friday | U80: 3 | V80: =Calcutta!$N$104 -> 200 | W80: =Calcutta!Q104 -> 0 | X80: =Calcutta!R104 -> #N/A
A81: ='Master Player List'!L81 -> 10 | B81: ='Master Player List'!M81 -> 7 | C81: ='Master Player List'!C81 -> Pfaffe, Kyle | D81: ='Master Player List'!F81 -> Wallace, Richard | E81: ='Master Player List'!N81 -> Pfaffe, Kyle | F81: =Calcutta!E116 -> 1400 | G81: ='Master Player List'!J81 -> 33 | H81: ='Master Player List'!E81 -> 16 | I81: ='Master Player List'!H81 -> 17 | S81: 9 | T81: Saturday | U81: 1 | V81: =Calcutta!$N$102 -> 500 | W81: =Calcutta!S102 -> Altamirano, Joe | X81: =Calcutta!T102 -> Altamirano, Joe
A82: ='Master Player List'!L82 -> 10 | B82: ='Master Player List'!M82 -> 8 | C82: ='Master Player List'!C82 -> Parent, Brian | D82: ='Master Player List'!F82 -> Holmes, Justin | E82: ='Master Player List'!N82 -> Parent, Brian | F82: =Calcutta!E117 -> 1100 | G82: ='Master Player List'!J82 -> 41.3 | H82: ='Master Player List'!E82 -> 21.6 | I82: ='Master Player List'!H82 -> 19.7 | S82: 9 | T82: Saturday | U82: 2 | V82: =Calcutta!$N$103 -> 300 | W82: =Calcutta!S103 -> 0 | X82: =Calcutta!T103 -> #N/A
S83: 9 | T83: Saturday | U83: 3 | V83: =Calcutta!$N$104 -> 200 | W83: =Calcutta!S104 -> Barney, Jorge | X83: =Calcutta!T104 -> Edwards, Patric
S84: 10 | T84: Thursday | U84: 1 | V84: =Calcutta!$N$113 -> 445 | W84: =Calcutta!O113 -> Walters, Neil | X84: =Calcutta!P113 -> Grantham, Mark
S85: 10 | T85: Thursday | U85: 2 | V85: =Calcutta!$N$114 -> 265 | W85: =Calcutta!O114 -> 0 | X85: =Calcutta!P114 -> #N/A
S86: 10 | T86: Thursday | U86: 3 | V86: =Calcutta!$N$115 -> 175 | W86: =Calcutta!O115 -> 0 | X86: =Calcutta!P115 -> #N/A
S87: 10 | T87: Friday | U87: 1 | V87: =Calcutta!$N$113 -> 445 | W87: =Calcutta!Q113 -> 0 | X87: =Calcutta!R113 -> #N/A
S88: 10 | T88: Friday | U88: 2 | V88: =Calcutta!$N$114 -> 265 | W88: =Calcutta!Q114 -> Patterson, Taylor | X88: =Calcutta!R114 -> Edwards, Patric
A89: BonusPool | B89: FirstPlace | C89: SecondPlace | D89: ThirdPlace | S89: 10 | T89: Friday | U89: 3 | V89: =Calcutta!$N$115 -> 175 | W89: =Calcutta!Q115 -> 0 | X89: =Calcutta!R115 -> #N/A
A90: =Calcutta!J3 -> 4015 | B90: =Calcutta!J4 -> 2010 | C90: =Calcutta!J5 -> 1205 | D90: =Calcutta!J6 -> 800 | S90: 10 | T90: Saturday | U90: 1 | V90: =Calcutta!$N$113 -> 445 | W90: =Calcutta!S113 -> 0 | X90: =Calcutta!T113 -> #N/A
S91: 10 | T91: Saturday | U91: 2 | V91: =Calcutta!$N$114 -> 265 | W91: =Calcutta!S114 -> 0 | X91: =Calcutta!T114 -> #N/A
S92: 10 | T92: Saturday | U92: 3 | V92: =Calcutta!$N$115 -> 175 | W92: =Calcutta!S115 -> Parent, Brian | X92: =Calcutta!T115 -> Parent, Brian

Sheet JS_Output
A1: const DATA = | C1: JavaScript DATA file generated
A2: { | C2: 2026-08-05T22:38:53.551Z
A3: "summary": { | C3: Save Column A as data.js
A4: "flightCount": 10,
A5: "teamCount": 80,
A6: "avgBid": 1688.75,
A7: "topFlight": 2,
A8: "topFlightTotal": 21000
A9: },
A10: "shootout": {
A11: "bonusPool": 4015,
A12: "firstPlace": 2010,
A13: "secondPlace": 1205,
A14: "thirdPlace": 800
A15: },
... A1889: };
